"","V1","V2","V3"
"1",51.0566353115044,0,1
"2",51.076375403392,1.72413793103448,1
"3",51.0841353352863,3.44827586206897,1
"4",51.0983136459553,5.17241379310345,1
"5",51.0619965033901,6.89655172413793,1
"6",51.0934653326936,8.62068965517241,1
"7",51.0761392179487,10.3448275862069,1
"8",51.0582176260757,12.0689655172414,1
"9",51.0743373730758,13.7931034482759,1
"10",51.1089108837323,15.5172413793103,1
"11",51.0457495255866,17.2413793103448,1
"12",51.0569472488212,18.9655172413793,1
"13",51.0575644698232,20.6896551724138,1
"14",51.0401967191866,22.4137931034483,1
"15",51.0334692096968,24.1379310344828,1
"16",51.0375733244156,25.8620689655172,1
"17",51.0338375223616,27.5862068965517,1
"18",51.0075072953371,29.3103448275862,1
"19",51.0570871842774,31.0344827586207,1
"20",51.0141496110945,32.7586206896552,1
"21",51.0599474315502,34.4827586206897,1
"22",51.0377167515721,36.2068965517241,1
"23",51.0096092183013,37.9310344827586,1
"24",51.030445896257,39.6551724137931,1
"25",51.0083657305033,41.3793103448276,1
"26",51.0214417564209,43.1034482758621,1
"27",51.0008403445991,44.8275862068965,1
"28",50.995131195184,46.551724137931,1
"29",51.0055991021369,48.2758620689655,1
"30",51.0180555007675,50,1
"31",51.0844432458921,0,1.18965517241379
"32",51.0691200961454,1.72413793103448,1.18965517241379
"33",51.0867999262198,3.44827586206897,1.18965517241379
"34",51.0862273524812,5.17241379310345,1.18965517241379
"35",51.0732256550898,6.89655172413793,1.18965517241379
"36",51.0726721601521,8.62068965517241,1.18965517241379
"37",51.1150267112376,10.3448275862069,1.18965517241379
"38",51.0654441843176,12.0689655172414,1.18965517241379
"39",51.0906560753823,13.7931034482759,1.18965517241379
"40",51.0568471515976,15.5172413793103,1.18965517241379
"41",51.0819205872735,17.2413793103448,1.18965517241379
"42",51.0579907228069,18.9655172413793,1.18965517241379
"43",51.0513669461529,20.6896551724138,1.18965517241379
"44",51.0601253770618,22.4137931034483,1.18965517241379
"45",51.0502670520569,24.1379310344828,1.18965517241379
"46",51.0398862310703,25.8620689655172,1.18965517241379
"47",51.0369018049242,27.5862068965517,1.18965517241379
"48",51.0112650044047,29.3103448275862,1.18965517241379
"49",51.0289652150334,31.0344827586207,1.18965517241379
"50",51.0352915680718,32.7586206896552,1.18965517241379
"51",51.0442676965512,34.4827586206897,1.18965517241379
"52",51.0410627279388,36.2068965517241,1.18965517241379
"53",51.0011792816549,37.9310344827586,1.18965517241379
"54",51.0208070908571,39.6551724137931,1.18965517241379
"55",51.0126970903698,41.3793103448276,1.18965517241379
"56",51.0336807101493,43.1034482758621,1.18965517241379
"57",51.0148412674204,44.8275862068965,1.18965517241379
"58",51.0263832560915,46.551724137931,1.18965517241379
"59",51.0156280938414,48.2758620689655,1.18965517241379
"60",51.0134963489577,50,1.18965517241379
"61",51.0788191754212,0,1.37931034482759
"62",51.0779864958533,1.72413793103448,1.37931034482759
"63",51.0980665773396,3.44827586206897,1.37931034482759
"64",51.067869212616,5.17241379310345,1.37931034482759
"65",51.0736747165213,6.89655172413793,1.37931034482759
"66",51.1003372228494,8.62068965517241,1.37931034482759
"67",51.0793544152568,10.3448275862069,1.37931034482759
"68",51.1067037482316,12.0689655172414,1.37931034482759
"69",51.1088680671746,13.7931034482759,1.37931034482759
"70",51.0463960142962,15.5172413793103,1.37931034482759
"71",51.0949928475439,17.2413793103448,1.37931034482759
"72",51.0785076364903,18.9655172413793,1.37931034482759
"73",51.0784525069509,20.6896551724138,1.37931034482759
"74",51.0671411939168,22.4137931034483,1.37931034482759
"75",51.0510696965593,24.1379310344828,1.37931034482759
"76",51.0175536999257,25.8620689655172,1.37931034482759
"77",51.0264842275438,27.5862068965517,1.37931034482759
"78",51.0371965151716,29.3103448275862,1.37931034482759
"79",51.0384032694191,31.0344827586207,1.37931034482759
"80",51.025797405642,32.7586206896552,1.37931034482759
"81",51.0203985663665,34.4827586206897,1.37931034482759
"82",51.042330891792,36.2068965517241,1.37931034482759
"83",51.0070461533343,37.9310344827586,1.37931034482759
"84",51.0238906262276,39.6551724137931,1.37931034482759
"85",51.022129484615,41.3793103448276,1.37931034482759
"86",51.0418178076413,43.1034482758621,1.37931034482759
"87",51.0235189151739,44.8275862068965,1.37931034482759
"88",51.015091274251,46.551724137931,1.37931034482759
"89",50.9825997368447,48.2758620689655,1.37931034482759
"90",51.025214771783,50,1.37931034482759
"91",51.0843082768858,0,1.56896551724138
"92",51.0852612374954,1.72413793103448,1.56896551724138
"93",51.0897154031514,3.44827586206897,1.56896551724138
"94",51.0606733284095,5.17241379310345,1.56896551724138
"95",51.0872037064426,6.89655172413793,1.56896551724138
"96",51.08341676018,8.62068965517241,1.56896551724138
"97",51.0939402318675,10.3448275862069,1.56896551724138
"98",51.0889238748079,12.0689655172414,1.56896551724138
"99",51.0829117907318,13.7931034482759,1.56896551724138
"100",51.105474446595,15.5172413793103,1.56896551724138
"101",51.0850792628759,17.2413793103448,1.56896551724138
"102",51.0835523432865,18.9655172413793,1.56896551724138
"103",51.0616811165464,20.6896551724138,1.56896551724138
"104",51.0577488974884,22.4137931034483,1.56896551724138
"105",51.067490782284,24.1379310344828,1.56896551724138
"106",51.0496183910119,25.8620689655172,1.56896551724138
"107",51.0483021067677,27.5862068965517,1.56896551724138
"108",51.0268040368374,29.3103448275862,1.56896551724138
"109",51.0327374149601,31.0344827586207,1.56896551724138
"110",51.0114278856023,32.7586206896552,1.56896551724138
"111",51.0258643520825,34.4827586206897,1.56896551724138
"112",51.055771314228,36.2068965517241,1.56896551724138
"113",51.0332373574625,37.9310344827586,1.56896551724138
"114",51.0399347709693,39.6551724137931,1.56896551724138
"115",51.0035405209784,41.3793103448276,1.56896551724138
"116",51.0372240022091,43.1034482758621,1.56896551724138
"117",51.0127061907755,44.8275862068965,1.56896551724138
"118",50.9800687008186,46.551724137931,1.56896551724138
"119",51.0061151770856,48.2758620689655,1.56896551724138
"120",50.9985189638737,50,1.56896551724138
"121",51.0644222747164,0,1.75862068965517
"122",51.0934929486323,1.72413793103448,1.75862068965517
"123",51.0870137788542,3.44827586206897,1.75862068965517
"124",51.0730959969763,5.17241379310345,1.75862068965517
"125",51.060267878312,6.89655172413793,1.75862068965517
"126",51.0480633169298,8.62068965517241,1.75862068965517
"127",51.0719027177909,10.3448275862069,1.75862068965517
"128",51.0616003848616,12.0689655172414,1.75862068965517
"129",51.0756923629886,13.7931034482759,1.75862068965517
"130",51.0564081341638,15.5172413793103,1.75862068965517
"131",51.0524887301589,17.2413793103448,1.75862068965517
"132",51.0632893737116,18.9655172413793,1.75862068965517
"133",51.0575681064988,20.6896551724138,1.75862068965517
"134",51.0349975877164,22.4137931034483,1.75862068965517
"135",51.044534592666,24.1379310344828,1.75862068965517
"136",51.0380839526403,25.8620689655172,1.75862068965517
"137",51.0355952479205,27.5862068965517,1.75862068965517
"138",51.0368030197835,29.3103448275862,1.75862068965517
"139",51.0312803017811,31.0344827586207,1.75862068965517
"140",51.0305067732562,32.7586206896552,1.75862068965517
"141",51.0320476203182,34.4827586206897,1.75862068965517
"142",51.029063063019,36.2068965517241,1.75862068965517
"143",51.0349665187156,37.9310344827586,1.75862068965517
"144",51.0291009900276,39.6551724137931,1.75862068965517
"145",51.015375998638,41.3793103448276,1.75862068965517
"146",51.0124245125453,43.1034482758621,1.75862068965517
"147",51.0413780039015,44.8275862068965,1.75862068965517
"148",51.0318294793695,46.551724137931,1.75862068965517
"149",51.003135998849,48.2758620689655,1.75862068965517
"150",51.0210462946739,50,1.75862068965517
"151",51.0807861508132,0,1.94827586206897
"152",51.0598641319539,1.72413793103448,1.94827586206897
"153",51.0921114299188,3.44827586206897,1.94827586206897
"154",51.0787915788239,5.17241379310345,1.94827586206897
"155",51.1134994601801,6.89655172413793,1.94827586206897
"156",51.0998722410641,8.62068965517241,1.94827586206897
"157",51.0856886939905,10.3448275862069,1.94827586206897
"158",51.0697119878609,12.0689655172414,1.94827586206897
"159",51.0833992573408,13.7931034482759,1.94827586206897
"160",51.0652927254863,15.5172413793103,1.94827586206897
"161",51.1019331196409,17.2413793103448,1.94827586206897
"162",51.0501497797603,18.9655172413793,1.94827586206897
"163",51.0808823172569,20.6896551724138,1.94827586206897
"164",51.0549687878959,22.4137931034483,1.94827586206897
"165",51.0525235278386,24.1379310344828,1.94827586206897
"166",51.0426815064832,25.8620689655172,1.94827586206897
"167",51.0625982913505,27.5862068965517,1.94827586206897
"168",51.0512893396936,29.3103448275862,1.94827586206897
"169",51.034943358204,31.0344827586207,1.94827586206897
"170",51.0239494029748,32.7586206896552,1.94827586206897
"171",51.0274292677532,34.4827586206897,1.94827586206897
"172",51.0123827229814,36.2068965517241,1.94827586206897
"173",51.0280353538256,37.9310344827586,1.94827586206897
"174",51.0448256998005,39.6551724137931,1.94827586206897
"175",51.0006185004326,41.3793103448276,1.94827586206897
"176",51.0225690380861,43.1034482758621,1.94827586206897
"177",51.0195129117508,44.8275862068965,1.94827586206897
"178",50.9974679416817,46.551724137931,1.94827586206897
"179",51.0099984488011,48.2758620689655,1.94827586206897
"180",51.0062424138536,50,1.94827586206897
"181",51.1001747944199,0,2.13793103448276
"182",51.0574947429965,1.72413793103448,2.13793103448276
"183",51.0888389711737,3.44827586206897,2.13793103448276
"184",51.0774678191279,5.17241379310345,2.13793103448276
"185",51.0813258920059,6.89655172413793,2.13793103448276
"186",51.1047578659015,8.62068965517241,2.13793103448276
"187",51.0897134814863,10.3448275862069,2.13793103448276
"188",51.0703873581491,12.0689655172414,2.13793103448276
"189",51.0829258439384,13.7931034482759,2.13793103448276
"190",51.064484483414,15.5172413793103,2.13793103448276
"191",51.1010575090843,17.2413793103448,2.13793103448276
"192",51.0496416290884,18.9655172413793,2.13793103448276
"193",51.0498236556546,20.6896551724138,2.13793103448276
"194",51.0326945546332,22.4137931034483,2.13793103448276
"195",51.0304698852053,24.1379310344828,2.13793103448276
"196",51.0212923575485,25.8620689655172,2.13793103448276
"197",51.0339893207656,27.5862068965517,2.13793103448276
"198",51.0409394503371,29.3103448275862,2.13793103448276
"199",51.0281758964735,31.0344827586207,2.13793103448276
"200",51.0107063794237,32.7586206896552,2.13793103448276
"201",51.043012463981,34.4827586206897,2.13793103448276
"202",51.0096631313405,36.2068965517241,2.13793103448276
"203",51.0380700383371,37.9310344827586,2.13793103448276
"204",50.9904286084984,39.6551724137931,2.13793103448276
"205",51.007204343015,41.3793103448276,2.13793103448276
"206",50.9926246919458,43.1034482758621,2.13793103448276
"207",51.0247714586546,44.8275862068965,2.13793103448276
"208",51.0097890388252,46.551724137931,2.13793103448276
"209",51.0143517908813,48.2758620689655,2.13793103448276
"210",50.9917883481499,50,2.13793103448276
"211",51.0534928984533,0,2.32758620689655
"212",51.0938945207798,1.72413793103448,2.32758620689655
"213",51.0723571839603,3.44827586206897,2.32758620689655
"214",51.0750445269108,5.17241379310345,2.32758620689655
"215",51.0911821012718,6.89655172413793,2.32758620689655
"216",51.0698616771705,8.62068965517241,2.32758620689655
"217",51.0888838489667,10.3448275862069,2.32758620689655
"218",51.0596530267029,12.0689655172414,2.32758620689655
"219",51.0784773782091,13.7931034482759,2.32758620689655
"220",51.0736556881027,15.5172413793103,2.32758620689655
"221",51.0742525887691,17.2413793103448,2.32758620689655
"222",51.0615318056605,18.9655172413793,2.32758620689655
"223",51.0586435210012,20.6896551724138,2.32758620689655
"224",51.0439808321482,22.4137931034483,2.32758620689655
"225",51.0518337699339,24.1379310344828,2.32758620689655
"226",51.0197275438214,25.8620689655172,2.32758620689655
"227",51.0313605354922,27.5862068965517,2.32758620689655
"228",51.0346818790058,29.3103448275862,2.32758620689655
"229",51.0361046682926,31.0344827586207,2.32758620689655
"230",51.0133371840052,32.7586206896552,2.32758620689655
"231",51.0237981811938,34.4827586206897,2.32758620689655
"232",51.0198705262681,36.2068965517241,2.32758620689655
"233",51.0149364485426,37.9310344827586,2.32758620689655
"234",51.0150967122835,39.6551724137931,2.32758620689655
"235",51.0037276571473,41.3793103448276,2.32758620689655
"236",51.0155878078596,43.1034482758621,2.32758620689655
"237",51.0182089079166,44.8275862068965,2.32758620689655
"238",50.9938967436457,46.551724137931,2.32758620689655
"239",51.0045347156563,48.2758620689655,2.32758620689655
"240",51.0171523407508,50,2.32758620689655
"241",51.0634248696169,0,2.51724137931034
"242",51.0576154838248,1.72413793103448,2.51724137931034
"243",51.0587631106526,3.44827586206897,2.51724137931034
"244",51.0698961255066,5.17241379310345,2.51724137931034
"245",51.0922384742933,6.89655172413793,2.51724137931034
"246",51.0841032355004,8.62068965517241,2.51724137931034
"247",51.0934036135863,10.3448275862069,2.51724137931034
"248",51.1024620374192,12.0689655172414,2.51724137931034
"249",51.0603026911256,13.7931034482759,2.51724137931034
"250",51.1022251593066,15.5172413793103,2.51724137931034
"251",51.0824491775205,17.2413793103448,2.51724137931034
"252",51.0479199925459,18.9655172413793,2.51724137931034
"253",51.0284651893831,20.6896551724138,2.51724137931034
"254",51.0426998003333,22.4137931034483,2.51724137931034
"255",51.04148309667,24.1379310344828,2.51724137931034
"256",51.0398725114217,25.8620689655172,2.51724137931034
"257",51.0404245928708,27.5862068965517,2.51724137931034
"258",51.0426941004407,29.3103448275862,2.51724137931034
"259",51.0321962052338,31.0344827586207,2.51724137931034
"260",51.0430568042212,32.7586206896552,2.51724137931034
"261",51.0351033306135,34.4827586206897,2.51724137931034
"262",51.0107328693655,36.2068965517241,2.51724137931034
"263",51.0149713860554,37.9310344827586,2.51724137931034
"264",51.017121185636,39.6551724137931,2.51724137931034
"265",51.0132982572214,41.3793103448276,2.51724137931034
"266",51.0141771774192,43.1034482758621,2.51724137931034
"267",51.0043740966009,44.8275862068965,2.51724137931034
"268",51.0092486629436,46.551724137931,2.51724137931034
"269",50.9918086652917,48.2758620689655,2.51724137931034
"270",51.0341865104642,50,2.51724137931034
"271",51.063992458736,0,2.70689655172414
"272",51.0567969252824,1.72413793103448,2.70689655172414
"273",51.0746529876769,3.44827586206897,2.70689655172414
"274",51.0587614164338,5.17241379310345,2.70689655172414
"275",51.0824907558766,6.89655172413793,2.70689655172414
"276",51.0538938850505,8.62068965517241,2.70689655172414
"277",51.0719503507866,10.3448275862069,2.70689655172414
"278",51.0784585831928,12.0689655172414,2.70689655172414
"279",51.0635343623234,13.7931034482759,2.70689655172414
"280",51.0715106019219,15.5172413793103,2.70689655172414
"281",51.0574685274865,17.2413793103448,2.70689655172414
"282",51.0418270128703,18.9655172413793,2.70689655172414
"283",51.0564268203575,20.6896551724138,2.70689655172414
"284",51.0292085784211,22.4137931034483,2.70689655172414
"285",51.0503468322681,24.1379310344828,2.70689655172414
"286",51.0316811466529,25.8620689655172,2.70689655172414
"287",51.0288436399766,27.5862068965517,2.70689655172414
"288",51.0054815367273,29.3103448275862,2.70689655172414
"289",51.0472708498953,31.0344827586207,2.70689655172414
"290",51.023544197824,32.7586206896552,2.70689655172414
"291",51.0210686130807,34.4827586206897,2.70689655172414
"292",51.0203424911582,36.2068965517241,2.70689655172414
"293",51.0236962676944,37.9310344827586,2.70689655172414
"294",50.9985404154746,39.6551724137931,2.70689655172414
"295",51.0087332715038,41.3793103448276,2.70689655172414
"296",51.0060725654108,43.1034482758621,2.70689655172414
"297",51.0037777141917,44.8275862068965,2.70689655172414
"298",51.000579385988,46.551724137931,2.70689655172414
"299",51.0028788330614,48.2758620689655,2.70689655172414
"300",51.0366812716252,50,2.70689655172414
"301",51.0759275505445,0,2.89655172413793
"302",51.0872783570837,1.72413793103448,2.89655172413793
"303",51.107297621549,3.44827586206897,2.89655172413793
"304",51.0714274535066,5.17241379310345,2.89655172413793
"305",51.085981938163,6.89655172413793,2.89655172413793
"306",51.0537563132235,8.62068965517241,2.89655172413793
"307",51.0697885855738,10.3448275862069,2.89655172413793
"308",51.0831872069577,12.0689655172414,2.89655172413793
"309",51.0866014180625,13.7931034482759,2.89655172413793
"310",51.0647211055701,15.5172413793103,2.89655172413793
"311",51.0406064263425,17.2413793103448,2.89655172413793
"312",51.0637201650555,18.9655172413793,2.89655172413793
"313",51.0675215030062,20.6896551724138,2.89655172413793
"314",51.0280964137097,22.4137931034483,2.89655172413793
"315",51.0465169169994,24.1379310344828,2.89655172413793
"316",51.0693647786664,25.8620689655172,2.89655172413793
"317",51.0529514122014,27.5862068965517,2.89655172413793
"318",51.0292685233346,29.3103448275862,2.89655172413793
"319",51.0294212430459,31.0344827586207,2.89655172413793
"320",51.0227182992007,32.7586206896552,2.89655172413793
"321",50.9878281000772,34.4827586206897,2.89655172413793
"322",51.0278269941967,36.2068965517241,2.89655172413793
"323",51.0256107121076,37.9310344827586,2.89655172413793
"324",51.0053149568448,39.6551724137931,2.89655172413793
"325",51.0065289983969,41.3793103448276,2.89655172413793
"326",51.0279352824555,43.1034482758621,2.89655172413793
"327",50.9914185813632,44.8275862068965,2.89655172413793
"328",51.0127177131249,46.551724137931,2.89655172413793
"329",51.0099853409272,48.2758620689655,2.89655172413793
"330",51.0061924477886,50,2.89655172413793
"331",51.0491409430939,0,3.08620689655172
"332",51.0423394257949,1.72413793103448,3.08620689655172
"333",51.0732824498181,3.44827586206897,3.08620689655172
"334",51.0502463288005,5.17241379310345,3.08620689655172
"335",51.055537170844,6.89655172413793,3.08620689655172
"336",51.0486924692036,8.62068965517241,3.08620689655172
"337",51.0382900380436,10.3448275862069,3.08620689655172
"338",51.0506828942873,12.0689655172414,3.08620689655172
"339",51.0583750266261,13.7931034482759,3.08620689655172
"340",51.0570237024383,15.5172413793103,3.08620689655172
"341",51.0552575935301,17.2413793103448,3.08620689655172
"342",51.0449960157313,18.9655172413793,3.08620689655172
"343",51.0434492150424,20.6896551724138,3.08620689655172
"344",51.015537282367,22.4137931034483,3.08620689655172
"345",51.0248516203713,24.1379310344828,3.08620689655172
"346",51.0128502122186,25.8620689655172,3.08620689655172
"347",51.0207454231875,27.5862068965517,3.08620689655172
"348",51.0141739793641,29.3103448275862,3.08620689655172
"349",51.0126700091057,31.0344827586207,3.08620689655172
"350",50.9855052063404,32.7586206896552,3.08620689655172
"351",50.9940905983864,34.4827586206897,3.08620689655172
"352",50.9800163063304,36.2068965517241,3.08620689655172
"353",50.9658328947223,37.9310344827586,3.08620689655172
"354",50.9849215477311,39.6551724137931,3.08620689655172
"355",51.0044429789002,41.3793103448276,3.08620689655172
"356",50.9739643953999,43.1034482758621,3.08620689655172
"357",50.9909131784722,44.8275862068965,3.08620689655172
"358",50.9614057336887,46.551724137931,3.08620689655172
"359",50.9677517727859,48.2758620689655,3.08620689655172
"360",50.9699399452245,50,3.08620689655172
"361",51.066286340321,0,3.27586206896552
"362",51.0378254353577,1.72413793103448,3.27586206896552
"363",51.0618437923403,3.44827586206897,3.27586206896552
"364",51.0441625468663,5.17241379310345,3.27586206896552
"365",51.0420887062647,6.89655172413793,3.27586206896552
"366",51.0189757548313,8.62068965517241,3.27586206896552
"367",51.0688562932194,10.3448275862069,3.27586206896552
"368",51.0420330353382,12.0689655172414,3.27586206896552
"369",51.0609896191067,13.7931034482759,3.27586206896552
"370",51.0372885456416,15.5172413793103,3.27586206896552
"371",51.0620957426859,17.2413793103448,3.27586206896552
"372",51.0585753555821,18.9655172413793,3.27586206896552
"373",51.0356128181625,20.6896551724138,3.27586206896552
"374",51.0119837923355,22.4137931034483,3.27586206896552
"375",51.0234582974864,24.1379310344828,3.27586206896552
"376",51.0019644975471,25.8620689655172,3.27586206896552
"377",51.0027654935721,27.5862068965517,3.27586206896552
"378",51.0021382264517,29.3103448275862,3.27586206896552
"379",51.0016542107783,31.0344827586207,3.27586206896552
"380",51.0113626645893,32.7586206896552,3.27586206896552
"381",50.9837661146189,34.4827586206897,3.27586206896552
"382",50.986247398906,36.2068965517241,3.27586206896552
"383",50.9746426615448,37.9310344827586,3.27586206896552
"384",50.9755164622588,39.6551724137931,3.27586206896552
"385",50.9810454876889,41.3793103448276,3.27586206896552
"386",50.9833989361403,43.1034482758621,3.27586206896552
"387",50.9975231094645,44.8275862068965,3.27586206896552
"388",50.9833469986652,46.551724137931,3.27586206896552
"389",50.9775465811541,48.2758620689655,3.27586206896552
"390",50.9617764775342,50,3.27586206896552
"391",51.0240928377541,0,3.46551724137931
"392",51.0357670297156,1.72413793103448,3.46551724137931
"393",51.0486481960423,3.44827586206897,3.46551724137931
"394",51.0528116266377,5.17241379310345,3.46551724137931
"395",51.0549593902023,6.89655172413793,3.46551724137931
"396",51.0307986828024,8.62068965517241,3.46551724137931
"397",51.0530872403849,10.3448275862069,3.46551724137931
"398",51.0456945980184,12.0689655172414,3.46551724137931
"399",51.0438931350126,13.7931034482759,3.46551724137931
"400",51.0437755470144,15.5172413793103,3.46551724137931
"401",51.0461221223334,17.2413793103448,3.46551724137931
"402",51.0076951513387,18.9655172413793,3.46551724137931
"403",51.0254974912398,20.6896551724138,3.46551724137931
"404",51.0321499012734,22.4137931034483,3.46551724137931
"405",50.994032874587,24.1379310344828,3.46551724137931
"406",51.0010910349122,25.8620689655172,3.46551724137931
"407",50.985948902255,27.5862068965517,3.46551724137931
"408",50.9988209689078,29.3103448275862,3.46551724137931
"409",50.9925154999015,31.0344827586207,3.46551724137931
"410",50.9947916527772,32.7586206896552,3.46551724137931
"411",50.982848026341,34.4827586206897,3.46551724137931
"412",50.9748291303775,36.2068965517241,3.46551724137931
"413",51.0111470547494,37.9310344827586,3.46551724137931
"414",50.9929828335475,39.6551724137931,3.46551724137931
"415",50.9882943217464,41.3793103448276,3.46551724137931
"416",50.9853063246229,43.1034482758621,3.46551724137931
"417",50.9740080146817,44.8275862068965,3.46551724137931
"418",50.9715340906511,46.551724137931,3.46551724137931
"419",50.9484688120814,48.2758620689655,3.46551724137931
"420",50.9707333502269,50,3.46551724137931
"421",51.032513691937,0,3.6551724137931
"422",51.061482703945,1.72413793103448,3.6551724137931
"423",51.0282355257717,3.44827586206897,3.6551724137931
"424",51.0227546024413,5.17241379310345,3.6551724137931
"425",51.0389101849068,6.89655172413793,3.6551724137931
"426",51.0567942924657,8.62068965517241,3.6551724137931
"427",51.0499251653812,10.3448275862069,3.6551724137931
"428",51.0551747240041,12.0689655172414,3.6551724137931
"429",51.0300465072273,13.7931034482759,3.6551724137931
"430",51.0725638769554,15.5172413793103,3.6551724137931
"431",51.0247968955443,17.2413793103448,3.6551724137931
"432",51.0272319120828,18.9655172413793,3.6551724137931
"433",51.0108877283416,20.6896551724138,3.6551724137931
"434",51.0246791151416,22.4137931034483,3.6551724137931
"435",51.0032401291635,24.1379310344828,3.6551724137931
"436",51.0145494982441,25.8620689655172,3.6551724137931
"437",51.0134000301168,27.5862068965517,3.6551724137931
"438",51.0025234246334,29.3103448275862,3.6551724137931
"439",50.9844734908298,31.0344827586207,3.6551724137931
"440",50.9881776810777,32.7586206896552,3.6551724137931
"441",50.9800337875464,34.4827586206897,3.6551724137931
"442",50.9824847414561,36.2068965517241,3.6551724137931
"443",50.9878119844648,37.9310344827586,3.6551724137931
"444",50.9902149892598,39.6551724137931,3.6551724137931
"445",50.9832975368479,41.3793103448276,3.6551724137931
"446",50.9841939328582,43.1034482758621,3.6551724137931
"447",50.9522033974889,44.8275862068965,3.6551724137931
"448",50.9874827312641,46.551724137931,3.6551724137931
"449",50.9544338069397,48.2758620689655,3.6551724137931
"450",50.9739877048934,50,3.6551724137931
"451",51.0290379522851,0,3.8448275862069
"452",51.0662755096047,1.72413793103448,3.8448275862069
"453",51.0424578827309,3.44827586206897,3.8448275862069
"454",51.0489757628673,5.17241379310345,3.8448275862069
"455",51.0378903228435,6.89655172413793,3.8448275862069
"456",51.0413892055589,8.62068965517241,3.8448275862069
"457",51.041033445281,10.3448275862069,3.8448275862069
"458",51.0555012616371,12.0689655172414,3.8448275862069
"459",51.0554185991896,13.7931034482759,3.8448275862069
"460",51.0471926096636,15.5172413793103,3.8448275862069
"461",51.0312543386403,17.2413793103448,3.8448275862069
"462",51.0280861203449,18.9655172413793,3.8448275862069
"463",51.0463985862853,20.6896551724138,3.8448275862069
"464",51.0209347069071,22.4137931034483,3.8448275862069
"465",51.0223645210722,24.1379310344828,3.8448275862069
"466",51.0111312997633,25.8620689655172,3.8448275862069
"467",51.0038699786972,27.5862068965517,3.8448275862069
"468",50.992790440075,29.3103448275862,3.8448275862069
"469",50.9924498583998,31.0344827586207,3.8448275862069
"470",50.9826253861693,32.7586206896552,3.8448275862069
"471",50.9998523682602,34.4827586206897,3.8448275862069
"472",50.9896950127532,36.2068965517241,3.8448275862069
"473",50.9868985514845,37.9310344827586,3.8448275862069
"474",50.9690117285774,39.6551724137931,3.8448275862069
"475",50.9772847090689,41.3793103448276,3.8448275862069
"476",50.9782037959593,43.1034482758621,3.8448275862069
"477",50.9798641381312,44.8275862068965,3.8448275862069
"478",50.9757748834847,46.551724137931,3.8448275862069
"479",50.95973549095,48.2758620689655,3.8448275862069
"480",50.9566180568731,50,3.8448275862069
"481",51.0441042753904,0,4.03448275862069
"482",51.0342279199037,1.72413793103448,4.03448275862069
"483",51.0266750792282,3.44827586206897,4.03448275862069
"484",51.0289200741513,5.17241379310345,4.03448275862069
"485",51.0610886404324,6.89655172413793,4.03448275862069
"486",51.0355054763862,8.62068965517241,4.03448275862069
"487",51.0210836016198,10.3448275862069,4.03448275862069
"488",51.0403581181132,12.0689655172414,4.03448275862069
"489",51.0065402357264,13.7931034482759,4.03448275862069
"490",51.0337548496267,15.5172413793103,4.03448275862069
"491",51.030505191905,17.2413793103448,4.03448275862069
"492",51.0135484033593,18.9655172413793,4.03448275862069
"493",50.9964165088993,20.6896551724138,4.03448275862069
"494",51.0141604441683,22.4137931034483,4.03448275862069
"495",51.0020999418776,24.1379310344828,4.03448275862069
"496",51.0084996866477,25.8620689655172,4.03448275862069
"497",50.9877731477675,27.5862068965517,4.03448275862069
"498",50.9965125460732,29.3103448275862,4.03448275862069
"499",50.9733410234993,31.0344827586207,4.03448275862069
"500",50.9575060309253,32.7586206896552,4.03448275862069
"501",50.9750537309467,34.4827586206897,4.03448275862069
"502",50.9754242607816,36.2068965517241,4.03448275862069
"503",50.9904941158551,37.9310344827586,4.03448275862069
"504",50.9648232275319,39.6551724137931,4.03448275862069
"505",50.9548160950757,41.3793103448276,4.03448275862069
"506",50.9616560594992,43.1034482758621,4.03448275862069
"507",50.9345322886802,44.8275862068965,4.03448275862069
"508",50.9704398995209,46.551724137931,4.03448275862069
"509",50.9606319346844,48.2758620689655,4.03448275862069
"510",50.9389952624427,50,4.03448275862069
"511",50.936776052888,0,4.22413793103448
"512",50.9152312952513,1.72413793103448,4.22413793103448
"513",50.9430854709648,3.44827586206897,4.22413793103448
"514",50.9488296280347,5.17241379310345,4.22413793103448
"515",50.9545337362441,6.89655172413793,4.22413793103448
"516",50.9459435270691,8.62068965517241,4.22413793103448
"517",50.9381254396482,10.3448275862069,4.22413793103448
"518",50.9293390858687,12.0689655172414,4.22413793103448
"519",50.9204655268079,13.7931034482759,4.22413793103448
"520",50.9232439149349,15.5172413793103,4.22413793103448
"521",50.9291235405898,17.2413793103448,4.22413793103448
"522",50.922294292071,18.9655172413793,4.22413793103448
"523",50.8968470407481,20.6896551724138,4.22413793103448
"524",50.9170636229497,22.4137931034483,4.22413793103448
"525",50.9055309178967,24.1379310344828,4.22413793103448
"526",50.8886163514723,25.8620689655172,4.22413793103448
"527",50.8892323527282,27.5862068965517,4.22413793103448
"528",50.8914759571892,29.3103448275862,4.22413793103448
"529",50.8934906260557,31.0344827586207,4.22413793103448
"530",50.873014537322,32.7586206896552,4.22413793103448
"531",50.8997393058197,34.4827586206897,4.22413793103448
"532",50.867123179255,36.2068965517241,4.22413793103448
"533",50.8887558799024,37.9310344827586,4.22413793103448
"534",50.8735984583508,39.6551724137931,4.22413793103448
"535",50.8706780873181,41.3793103448276,4.22413793103448
"536",50.8792955139503,43.1034482758621,4.22413793103448
"537",50.8885632585722,44.8275862068965,4.22413793103448
"538",50.8813684190416,46.551724137931,4.22413793103448
"539",50.8772507952339,48.2758620689655,4.22413793103448
"540",50.8854914186388,50,4.22413793103448
"541",50.9378987093195,0,4.41379310344828
"542",50.9315338736325,1.72413793103448,4.41379310344828
"543",50.9308966924097,3.44827586206897,4.41379310344828
"544",50.9132112715855,5.17241379310345,4.41379310344828
"545",50.9214357237855,6.89655172413793,4.41379310344828
"546",50.9443008666828,8.62068965517241,4.41379310344828
"547",50.9405724369368,10.3448275862069,4.41379310344828
"548",50.9296784079737,12.0689655172414,4.41379310344828
"549",50.9152167896324,13.7931034482759,4.41379310344828
"550",50.9369210419953,15.5172413793103,4.41379310344828
"551",50.9272643322249,17.2413793103448,4.41379310344828
"552",50.9121619334502,18.9655172413793,4.41379310344828
"553",50.9081835666407,20.6896551724138,4.41379310344828
"554",50.9060869807552,22.4137931034483,4.41379310344828
"555",50.9157502279107,24.1379310344828,4.41379310344828
"556",50.9090572864496,25.8620689655172,4.41379310344828
"557",50.8985355122615,27.5862068965517,4.41379310344828
"558",50.9063019314809,29.3103448275862,4.41379310344828
"559",50.8759745064267,31.0344827586207,4.41379310344828
"560",50.8999836926649,32.7586206896552,4.41379310344828
"561",50.8858062473548,34.4827586206897,4.41379310344828
"562",50.8755191299803,36.2068965517241,4.41379310344828
"563",50.8786525930548,37.9310344827586,4.41379310344828
"564",50.8627315408141,39.6551724137931,4.41379310344828
"565",50.866048992233,41.3793103448276,4.41379310344828
"566",50.8979097947294,43.1034482758621,4.41379310344828
"567",50.8641609346934,44.8275862068965,4.41379310344828
"568",50.8774466998833,46.551724137931,4.41379310344828
"569",50.8790239193542,48.2758620689655,4.41379310344828
"570",50.862410879742,50,4.41379310344828
"571",50.937204364103,0,4.60344827586207
"572",50.9238559071449,1.72413793103448,4.60344827586207
"573",50.9414726012198,3.44827586206897,4.60344827586207
"574",50.9059971581481,5.17241379310345,4.60344827586207
"575",50.9363220158054,6.89655172413793,4.60344827586207
"576",50.9371207055503,8.62068965517241,4.60344827586207
"577",50.9381788267259,10.3448275862069,4.60344827586207
"578",50.9380681658805,12.0689655172414,4.60344827586207
"579",50.9497056213851,13.7931034482759,4.60344827586207
"580",50.9320869470756,15.5172413793103,4.60344827586207
"581",50.9559407641265,17.2413793103448,4.60344827586207
"582",50.9076309313759,18.9655172413793,4.60344827586207
"583",50.930691900688,20.6896551724138,4.60344827586207
"584",50.899089339828,22.4137931034483,4.60344827586207
"585",50.9047665477859,24.1379310344828,4.60344827586207
"586",50.896206801497,25.8620689655172,4.60344827586207
"587",50.8890983259665,27.5862068965517,4.60344827586207
"588",50.8871042986908,29.3103448275862,4.60344827586207
"589",50.8848888868935,31.0344827586207,4.60344827586207
"590",50.92103782543,32.7586206896552,4.60344827586207
"591",50.8588042819509,34.4827586206897,4.60344827586207
"592",50.8767964420592,36.2068965517241,4.60344827586207
"593",50.8786403759904,37.9310344827586,4.60344827586207
"594",50.8858532550497,39.6551724137931,4.60344827586207
"595",50.8693333199578,41.3793103448276,4.60344827586207
"596",50.8870608158832,43.1034482758621,4.60344827586207
"597",50.8638109711019,44.8275862068965,4.60344827586207
"598",50.8667148002032,46.551724137931,4.60344827586207
"599",50.8397856718898,48.2758620689655,4.60344827586207
"600",50.8774046494311,50,4.60344827586207
"601",50.9385067530137,0,4.79310344827586
"602",50.9459861333173,1.72413793103448,4.79310344827586
"603",50.9126304254398,3.44827586206897,4.79310344827586
"604",50.9377059800233,5.17241379310345,4.79310344827586
"605",50.936349815125,6.89655172413793,4.79310344827586
"606",50.9409466256511,8.62068965517241,4.79310344827586
"607",50.9394022186093,10.3448275862069,4.79310344827586
"608",50.9206495659727,12.0689655172414,4.79310344827586
"609",50.9599310783742,13.7931034482759,4.79310344827586
"610",50.9310820464226,15.5172413793103,4.79310344827586
"611",50.9080931291471,17.2413793103448,4.79310344827586
"612",50.9278265650818,18.9655172413793,4.79310344827586
"613",50.9119633682782,20.6896551724138,4.79310344827586
"614",50.9234929622938,22.4137931034483,4.79310344827586
"615",50.9014405971841,24.1379310344828,4.79310344827586
"616",50.8960384699803,25.8620689655172,4.79310344827586
"617",50.8811983248096,27.5862068965517,4.79310344827586
"618",50.9082361776895,29.3103448275862,4.79310344827586
"619",50.8999051645884,31.0344827586207,4.79310344827586
"620",50.8799122039782,32.7586206896552,4.79310344827586
"621",50.8749098658165,34.4827586206897,4.79310344827586
"622",50.8758036271812,36.2068965517241,4.79310344827586
"623",50.8878114379573,37.9310344827586,4.79310344827586
"624",50.8526759852183,39.6551724137931,4.79310344827586
"625",50.8943363522622,41.3793103448276,4.79310344827586
"626",50.8696828373393,43.1034482758621,4.79310344827586
"627",50.8474916530245,44.8275862068965,4.79310344827586
"628",50.8573040685824,46.551724137931,4.79310344827586
"629",50.8725739863488,48.2758620689655,4.79310344827586
"630",50.8668739695239,50,4.79310344827586
"631",50.9396916132429,0,4.98275862068965
"632",50.9187776787804,1.72413793103448,4.98275862068965
"633",50.9397489360005,3.44827586206897,4.98275862068965
"634",50.9540635808373,5.17241379310345,4.98275862068965
"635",50.924364034869,6.89655172413793,4.98275862068965
"636",50.9208305758525,8.62068965517241,4.98275862068965
"637",50.9366343554821,10.3448275862069,4.98275862068965
"638",50.9534293325686,12.0689655172414,4.98275862068965
"639",50.933374535138,13.7931034482759,4.98275862068965
"640",50.9147587604329,15.5172413793103,4.98275862068965
"641",50.9314207191094,17.2413793103448,4.98275862068965
"642",50.9131366091852,18.9655172413793,4.98275862068965
"643",50.9036867784641,20.6896551724138,4.98275862068965
"644",50.9067879540221,22.4137931034483,4.98275862068965
"645",50.8924194812231,24.1379310344828,4.98275862068965
"646",50.9146946914615,25.8620689655172,4.98275862068965
"647",50.9079268121923,27.5862068965517,4.98275862068965
"648",50.8809236261612,29.3103448275862,4.98275862068965
"649",50.8672358087369,31.0344827586207,4.98275862068965
"650",50.8677448309888,32.7586206896552,4.98275862068965
"651",50.87995393064,34.4827586206897,4.98275862068965
"652",50.8859270104428,36.2068965517241,4.98275862068965
"653",50.8781340895005,37.9310344827586,4.98275862068965
"654",50.8664301874416,39.6551724137931,4.98275862068965
"655",50.863066722763,41.3793103448276,4.98275862068965
"656",50.8493851903366,43.1034482758621,4.98275862068965
"657",50.8862560481377,44.8275862068965,4.98275862068965
"658",50.8789488607978,46.551724137931,4.98275862068965
"659",50.8685949736525,48.2758620689655,4.98275862068965
"660",50.8752249763208,50,4.98275862068965
"661",50.8711398325261,0,5.17241379310345
"662",50.9028821927261,1.72413793103448,5.17241379310345
"663",50.9008080504987,3.44827586206897,5.17241379310345
"664",50.89440090183,5.17241379310345,5.17241379310345
"665",50.8944102420709,6.89655172413793,5.17241379310345
"666",50.873299496529,8.62068965517241,5.17241379310345
"667",50.895141194695,10.3448275862069,5.17241379310345
"668",50.8802395492222,12.0689655172414,5.17241379310345
"669",50.8849567128723,13.7931034482759,5.17241379310345
"670",50.8806578019797,15.5172413793103,5.17241379310345
"671",50.8667444671738,17.2413793103448,5.17241379310345
"672",50.881083481649,18.9655172413793,5.17241379310345
"673",50.860899302444,20.6896551724138,5.17241379310345
"674",50.8554336520264,22.4137931034483,5.17241379310345
"675",50.849388997485,24.1379310344828,5.17241379310345
"676",50.8464781907669,25.8620689655172,5.17241379310345
"677",50.8470791472001,27.5862068965517,5.17241379310345
"678",50.8400659464967,29.3103448275862,5.17241379310345
"679",50.8314390452161,31.0344827586207,5.17241379310345
"680",50.82424113325,32.7586206896552,5.17241379310345
"681",50.8195854260828,34.4827586206897,5.17241379310345
"682",50.8421671790871,36.2068965517241,5.17241379310345
"683",50.8170051874034,37.9310344827586,5.17241379310345
"684",50.8299509986532,39.6551724137931,5.17241379310345
"685",50.8359102585171,41.3793103448276,5.17241379310345
"686",50.8300038491991,43.1034482758621,5.17241379310345
"687",50.8275986253385,44.8275862068965,5.17241379310345
"688",50.8104113255982,46.551724137931,5.17241379310345
"689",50.8238515558806,48.2758620689655,5.17241379310345
"690",50.820492145196,50,5.17241379310345
"691",50.9022423248819,0,5.36206896551724
"692",50.8980093974297,1.72413793103448,5.36206896551724
"693",50.8793463569935,3.44827586206897,5.36206896551724
"694",50.8965862762442,5.17241379310345,5.36206896551724
"695",50.8887978544983,6.89655172413793,5.36206896551724
"696",50.8851861751064,8.62068965517241,5.36206896551724
"697",50.8854515929071,10.3448275862069,5.36206896551724
"698",50.8842128480554,12.0689655172414,5.36206896551724
"699",50.9056142530051,13.7931034482759,5.36206896551724
"700",50.8975897483595,15.5172413793103,5.36206896551724
"701",50.8734449323676,17.2413793103448,5.36206896551724
"702",50.8891618164504,18.9655172413793,5.36206896551724
"703",50.8893454468511,20.6896551724138,5.36206896551724
"704",50.8522537905286,22.4137931034483,5.36206896551724
"705",50.8461205804173,24.1379310344828,5.36206896551724
"706",50.8326132313409,25.8620689655172,5.36206896551724
"707",50.8611561827601,27.5862068965517,5.36206896551724
"708",50.8532744581899,29.3103448275862,5.36206896551724
"709",50.8579269441744,31.0344827586207,5.36206896551724
"710",50.8327030117799,32.7586206896552,5.36206896551724
"711",50.807739489577,34.4827586206897,5.36206896551724
"712",50.8365642996257,36.2068965517241,5.36206896551724
"713",50.8313563705541,37.9310344827586,5.36206896551724
"714",50.8230476984773,39.6551724137931,5.36206896551724
"715",50.8386856889163,41.3793103448276,5.36206896551724
"716",50.8067706784946,43.1034482758621,5.36206896551724
"717",50.8216231712716,44.8275862068965,5.36206896551724
"718",50.7836969781256,46.551724137931,5.36206896551724
"719",50.8186689343255,48.2758620689655,5.36206896551724
"720",50.8106523651152,50,5.36206896551724
"721",50.9031590918373,0,5.55172413793103
"722",50.8788161946893,1.72413793103448,5.55172413793103
"723",50.8850498143269,3.44827586206897,5.55172413793103
"724",50.8958485762204,5.17241379310345,5.55172413793103
"725",50.892104421068,6.89655172413793,5.55172413793103
"726",50.8736221075427,8.62068965517241,5.55172413793103
"727",50.8913579073418,10.3448275862069,5.55172413793103
"728",50.9033060875888,12.0689655172414,5.55172413793103
"729",50.8696616269794,13.7931034482759,5.55172413793103
"730",50.8923932470552,15.5172413793103,5.55172413793103
"731",50.8822638382585,17.2413793103448,5.55172413793103
"732",50.8804560278399,18.9655172413793,5.55172413793103
"733",50.8648039051557,20.6896551724138,5.55172413793103
"734",50.8456355538094,22.4137931034483,5.55172413793103
"735",50.8411829304685,24.1379310344828,5.55172413793103
"736",50.8489137991212,25.8620689655172,5.55172413793103
"737",50.8538547701391,27.5862068965517,5.55172413793103
"738",50.8567118743314,29.3103448275862,5.55172413793103
"739",50.8484562760825,31.0344827586207,5.55172413793103
"740",50.8656369536175,32.7586206896552,5.55172413793103
"741",50.8410032854335,34.4827586206897,5.55172413793103
"742",50.8273330593227,36.2068965517241,5.55172413793103
"743",50.8303318156426,37.9310344827586,5.55172413793103
"744",50.834320095452,39.6551724137931,5.55172413793103
"745",50.8336111779203,41.3793103448276,5.55172413793103
"746",50.8312263976701,43.1034482758621,5.55172413793103
"747",50.8216409871224,44.8275862068965,5.55172413793103
"748",50.8253250970705,46.551724137931,5.55172413793103
"749",50.8250601667534,48.2758620689655,5.55172413793103
"750",50.8194695825309,50,5.55172413793103
"751",50.9035053824564,0,5.74137931034483
"752",50.8854816947897,1.72413793103448,5.74137931034483
"753",50.9026029631802,3.44827586206897,5.74137931034483
"754",50.8965859326794,5.17241379310345,5.74137931034483
"755",50.8916254546239,6.89655172413793,5.74137931034483
"756",50.8992641506612,8.62068965517241,5.74137931034483
"757",50.9050268428615,10.3448275862069,5.74137931034483
"758",50.9125529520217,12.0689655172414,5.74137931034483
"759",50.9034736968934,13.7931034482759,5.74137931034483
"760",50.8909801041698,15.5172413793103,5.74137931034483
"761",50.8847778977612,17.2413793103448,5.74137931034483
"762",50.8643881483806,18.9655172413793,5.74137931034483
"763",50.8742994392514,20.6896551724138,5.74137931034483
"764",50.8485717534257,22.4137931034483,5.74137931034483
"765",50.8516756077455,24.1379310344828,5.74137931034483
"766",50.828950311815,25.8620689655172,5.74137931034483
"767",50.8375949657083,27.5862068965517,5.74137931034483
"768",50.8414035678611,29.3103448275862,5.74137931034483
"769",50.8625397053788,31.0344827586207,5.74137931034483
"770",50.8334374013346,32.7586206896552,5.74137931034483
"771",50.8208011969323,34.4827586206897,5.74137931034483
"772",50.8283865521844,36.2068965517241,5.74137931034483
"773",50.8478680163936,37.9310344827586,5.74137931034483
"774",50.8320310024876,39.6551724137931,5.74137931034483
"775",50.8271471037815,41.3793103448276,5.74137931034483
"776",50.8256688281718,43.1034482758621,5.74137931034483
"777",50.8369939945133,44.8275862068965,5.74137931034483
"778",50.8145714708677,46.551724137931,5.74137931034483
"779",50.843637783921,48.2758620689655,5.74137931034483
"780",50.8217856692809,50,5.74137931034483
"781",50.8883080602078,0,5.93103448275862
"782",50.8995774243953,1.72413793103448,5.93103448275862
"783",50.9005033173505,3.44827586206897,5.93103448275862
"784",50.8988006182983,5.17241379310345,5.93103448275862
"785",50.9282232611516,6.89655172413793,5.93103448275862
"786",50.8851386686009,8.62068965517241,5.93103448275862
"787",50.8865048465737,10.3448275862069,5.93103448275862
"788",50.9084690911703,12.0689655172414,5.93103448275862
"789",50.8792567467253,13.7931034482759,5.93103448275862
"790",50.8780810617542,15.5172413793103,5.93103448275862
"791",50.8989520719463,17.2413793103448,5.93103448275862
"792",50.8694017851393,18.9655172413793,5.93103448275862
"793",50.8687883269898,20.6896551724138,5.93103448275862
"794",50.8436546485524,22.4137931034483,5.93103448275862
"795",50.8544561306713,24.1379310344828,5.93103448275862
"796",50.8434207591543,25.8620689655172,5.93103448275862
"797",50.8246568090735,27.5862068965517,5.93103448275862
"798",50.8590889473464,29.3103448275862,5.93103448275862
"799",50.8532112463093,31.0344827586207,5.93103448275862
"800",50.8570572955626,32.7586206896552,5.93103448275862
"801",50.8253849474833,34.4827586206897,5.93103448275862
"802",50.8484820638156,36.2068965517241,5.93103448275862
"803",50.8278526704468,37.9310344827586,5.93103448275862
"804",50.8125744961118,39.6551724137931,5.93103448275862
"805",50.8039800738858,41.3793103448276,5.93103448275862
"806",50.8432476240261,43.1034482758621,5.93103448275862
"807",50.834837400877,44.8275862068965,5.93103448275862
"808",50.8365517103408,46.551724137931,5.93103448275862
"809",50.8114582611495,48.2758620689655,5.93103448275862
"810",50.8207771290322,50,5.93103448275862
"811",50.9121522423535,0,6.12068965517241
"812",50.8979251901045,1.72413793103448,6.12068965517241
"813",50.8618120737321,3.44827586206897,6.12068965517241
"814",50.8955879407684,5.17241379310345,6.12068965517241
"815",50.8877299454179,6.89655172413793,6.12068965517241
"816",50.8740913570941,8.62068965517241,6.12068965517241
"817",50.88624349337,10.3448275862069,6.12068965517241
"818",50.8551415709274,12.0689655172414,6.12068965517241
"819",50.8954219788751,13.7931034482759,6.12068965517241
"820",50.8539235521217,15.5172413793103,6.12068965517241
"821",50.8703953722585,17.2413793103448,6.12068965517241
"822",50.8849133819983,18.9655172413793,6.12068965517241
"823",50.8506400900504,20.6896551724138,6.12068965517241
"824",50.8556985463355,22.4137931034483,6.12068965517241
"825",50.853689829834,24.1379310344828,6.12068965517241
"826",50.8597608259414,25.8620689655172,6.12068965517241
"827",50.8346032367312,27.5862068965517,6.12068965517241
"828",50.8281812879858,29.3103448275862,6.12068965517241
"829",50.8328034566896,31.0344827586207,6.12068965517241
"830",50.8200409605634,32.7586206896552,6.12068965517241
"831",50.8424229406667,34.4827586206897,6.12068965517241
"832",50.8141756556105,36.2068965517241,6.12068965517241
"833",50.8180290705413,37.9310344827586,6.12068965517241
"834",50.8213975126799,39.6551724137931,6.12068965517241
"835",50.8129778568979,41.3793103448276,6.12068965517241
"836",50.8104512296199,43.1034482758621,6.12068965517241
"837",50.8139595339071,44.8275862068965,6.12068965517241
"838",50.8034591354539,46.551724137931,6.12068965517241
"839",50.8276555703415,48.2758620689655,6.12068965517241
"840",50.8159271709331,50,6.12068965517241
"841",50.8827541289617,0,6.31034482758621
"842",50.8735382494568,1.72413793103448,6.31034482758621
"843",50.9030079398304,3.44827586206897,6.31034482758621
"844",50.8756651971017,5.17241379310345,6.31034482758621
"845",50.9030942060046,6.89655172413793,6.31034482758621
"846",50.8707201157009,8.62068965517241,6.31034482758621
"847",50.9140261521098,10.3448275862069,6.31034482758621
"848",50.8511328041042,12.0689655172414,6.31034482758621
"849",50.8792827732869,13.7931034482759,6.31034482758621
"850",50.8782297508958,15.5172413793103,6.31034482758621
"851",50.8452843170985,17.2413793103448,6.31034482758621
"852",50.8507279890939,18.9655172413793,6.31034482758621
"853",50.8855112787493,20.6896551724138,6.31034482758621
"854",50.870391900317,22.4137931034483,6.31034482758621
"855",50.8444899817325,24.1379310344828,6.31034482758621
"856",50.8524690425496,25.8620689655172,6.31034482758621
"857",50.8198063731165,27.5862068965517,6.31034482758621
"858",50.8278297255955,29.3103448275862,6.31034482758621
"859",50.8254866277314,31.0344827586207,6.31034482758621
"860",50.8568238313614,32.7586206896552,6.31034482758621
"861",50.8376571544463,34.4827586206897,6.31034482758621
"862",50.8103994117728,36.2068965517241,6.31034482758621
"863",50.8159739521721,37.9310344827586,6.31034482758621
"864",50.7934750693005,39.6551724137931,6.31034482758621
"865",50.8001230989612,41.3793103448276,6.31034482758621
"866",50.8285618354115,43.1034482758621,6.31034482758621
"867",50.8357796292089,44.8275862068965,6.31034482758621
"868",50.8123816866032,46.551724137931,6.31034482758621
"869",50.8222316908768,48.2758620689655,6.31034482758621
"870",50.8196225461224,50,6.31034482758621
"871",50.8721790792385,0,6.5
"872",50.8589212969459,1.72413793103448,6.5
"873",50.8801917348702,3.44827586206897,6.5
"874",50.8871827790702,5.17241379310345,6.5
"875",50.8893158061136,6.89655172413793,6.5
"876",50.8980989317209,8.62068965517241,6.5
"877",50.9118537587611,10.3448275862069,6.5
"878",50.8927210448608,12.0689655172414,6.5
"879",50.8768437986927,13.7931034482759,6.5
"880",50.8723732266128,15.5172413793103,6.5
"881",50.8752489276367,17.2413793103448,6.5
"882",50.8580880819926,18.9655172413793,6.5
"883",50.8609875098374,20.6896551724138,6.5
"884",50.8620147702075,22.4137931034483,6.5
"885",50.8588036719827,24.1379310344828,6.5
"886",50.8588538432867,25.8620689655172,6.5
"887",50.8476483034107,27.5862068965517,6.5
"888",50.8314267070474,29.3103448275862,6.5
"889",50.8340287279272,31.0344827586207,6.5
"890",50.8340717582129,32.7586206896552,6.5
"891",50.8121169475825,34.4827586206897,6.5
"892",50.8197921779109,36.2068965517241,6.5
"893",50.8184233314156,37.9310344827586,6.5
"894",50.8081258365539,39.6551724137931,6.5
"895",50.8206712161931,41.3793103448276,6.5
"896",50.8174305413484,43.1034482758621,6.5
"897",50.8110420786902,44.8275862068965,6.5
"898",50.8077009098704,46.551724137931,6.5
"899",50.8137944990674,48.2758620689655,6.5
"900",50.8138972944787,50,6.5
