Tumor Size,Nottingham Prognostic Index,Predicted RMST
135.331394,0,1
136.2334194,1.282051282,1
135.5269368,2.564102564,1
134.8958415,3.846153846,1
121.2935128,5.128205128,1
121.4130397,6.41025641,1
122.4361542,7.692307692,1
121.7235454,8.974358974,1
121.2292739,10.25641026,1
122.8766903,11.53846154,1
121.1677797,12.82051282,1
122.6632235,14.1025641,1
121.5511628,15.38461538,1
120.7872983,16.66666667,1
121.392032,17.94871795,1
122.3963495,19.23076923,1
121.7311011,20.51282051,1
121.2115955,21.79487179,1
121.3174116,23.07692308,1
121.8610069,24.35897436,1
121.2096258,25.64102564,1
121.0369499,26.92307692,1
121.9233006,28.20512821,1
120.4035192,29.48717949,1
121.3876268,30.76923077,1
120.609873,32.05128205,1
121.3776519,33.33333333,1
120.4953707,34.61538462,1
122.0868413,35.8974359,1
120.6905687,37.17948718,1
122.4387644,38.46153846,1
122.1941671,39.74358974,1
121.4671816,41.02564103,1
121.7410727,42.30769231,1
121.4431282,43.58974359,1
121.215596,44.87179487,1
122.2222571,46.15384615,1
122.0847377,47.43589744,1
120.7091514,48.71794872,1
120.8981932,50,1
135.1152558,0,1.141025641
135.612838,1.282051282,1.141025641
135.0939897,2.564102564,1.141025641
135.151216,3.846153846,1.141025641
122.7115086,5.128205128,1.141025641
122.0486788,6.41025641,1.141025641
121.7718249,7.692307692,1.141025641
121.6639669,8.974358974,1.141025641
121.532517,10.25641026,1.141025641
122.6815349,11.53846154,1.141025641
121.0614245,12.82051282,1.141025641
121.5740791,14.1025641,1.141025641
122.0870027,15.38461538,1.141025641
122.4011109,16.66666667,1.141025641
121.9973315,17.94871795,1.141025641
120.8350018,19.23076923,1.141025641
122.3757495,20.51282051,1.141025641
122.5843082,21.79487179,1.141025641
121.8524574,23.07692308,1.141025641
121.2549755,24.35897436,1.141025641
120.9316262,25.64102564,1.141025641
121.5692314,26.92307692,1.141025641
121.1851952,28.20512821,1.141025641
122.8123362,29.48717949,1.141025641
121.028261,30.76923077,1.141025641
120.5316994,32.05128205,1.141025641
122.3729275,33.33333333,1.141025641
123.0941378,34.61538462,1.141025641
122.0821596,35.8974359,1.141025641
123.1281982,37.17948718,1.141025641
120.7053934,38.46153846,1.141025641
121.8738019,39.74358974,1.141025641
120.3744206,41.02564103,1.141025641
122.5411989,42.30769231,1.141025641
121.6037091,43.58974359,1.141025641
121.2183186,44.87179487,1.141025641
122.4337498,46.15384615,1.141025641
122.0250705,47.43589744,1.141025641
121.5159315,48.71794872,1.141025641
122.3588388,50,1.141025641
135.5002633,0,1.282051282
135.6649748,1.282051282,1.282051282
135.1153598,2.564102564,1.282051282
135.5852875,3.846153846,1.282051282
122.0672732,5.128205128,1.282051282
122.5840127,6.41025641,1.282051282
121.3916179,7.692307692,1.282051282
122.5090135,8.974358974,1.282051282
120.4129671,10.25641026,1.282051282
123.0324547,11.53846154,1.282051282
121.898298,12.82051282,1.282051282
123.2299082,14.1025641,1.282051282
121.0047413,15.38461538,1.282051282
121.58757,16.66666667,1.282051282
121.8112989,17.94871795,1.282051282
120.4043999,19.23076923,1.282051282
121.7139856,20.51282051,1.282051282
121.7741464,21.79487179,1.282051282
121.2686278,23.07692308,1.282051282
121.6229801,24.35897436,1.282051282
122.0133782,25.64102564,1.282051282
121.9609659,26.92307692,1.282051282
120.6083237,28.20512821,1.282051282
120.8803235,29.48717949,1.282051282
120.8849502,30.76923077,1.282051282
121.4933728,32.05128205,1.282051282
122.1657356,33.33333333,1.282051282
121.6098981,34.61538462,1.282051282
122.8146731,35.8974359,1.282051282
122.249843,37.17948718,1.282051282
121.8086041,38.46153846,1.282051282
121.383507,39.74358974,1.282051282
121.9102838,41.02564103,1.282051282
122.4238487,42.30769231,1.282051282
121.5518863,43.58974359,1.282051282
121.9254183,44.87179487,1.282051282
122.7830009,46.15384615,1.282051282
121.6115888,47.43589744,1.282051282
121.6698161,48.71794872,1.282051282
121.4876986,50,1.282051282
135.7725752,0,1.423076923
135.5180896,1.282051282,1.423076923
135.7233382,2.564102564,1.423076923
135.0183036,3.846153846,1.423076923
123.0123602,5.128205128,1.423076923
121.6185741,6.41025641,1.423076923
121.5218198,7.692307692,1.423076923
121.2200803,8.974358974,1.423076923
121.3026442,10.25641026,1.423076923
121.5073954,11.53846154,1.423076923
120.7980347,12.82051282,1.423076923
121.2521847,14.1025641,1.423076923
121.2590176,15.38461538,1.423076923
121.0799889,16.66666667,1.423076923
121.4896909,17.94871795,1.423076923
120.900121,19.23076923,1.423076923
122.0292822,20.51282051,1.423076923
120.5244341,21.79487179,1.423076923
120.6009656,23.07692308,1.423076923
121.9453454,24.35897436,1.423076923
121.5299664,25.64102564,1.423076923
121.5562311,26.92307692,1.423076923
122.3701077,28.20512821,1.423076923
121.8418932,29.48717949,1.423076923
121.2825996,30.76923077,1.423076923
120.8901949,32.05128205,1.423076923
121.9474003,33.33333333,1.423076923
121.7763008,34.61538462,1.423076923
120.9844841,35.8974359,1.423076923
120.9748764,37.17948718,1.423076923
121.9262175,38.46153846,1.423076923
120.6520654,39.74358974,1.423076923
123.0375817,41.02564103,1.423076923
121.8605883,42.30769231,1.423076923
122.3282651,43.58974359,1.423076923
122.3698275,44.87179487,1.423076923
121.5920074,46.15384615,1.423076923
120.8985442,47.43589744,1.423076923
122.1787222,48.71794872,1.423076923
122.8240397,50,1.423076923
135.8572831,0,1.564102564
135.5479438,1.282051282,1.564102564
135.6133977,2.564102564,1.564102564
134.8207483,3.846153846,1.564102564
122.0680948,5.128205128,1.564102564
122.482607,6.41025641,1.564102564
121.8925472,7.692307692,1.564102564
120.461503,8.974358974,1.564102564
121.8705934,10.25641026,1.564102564
121.2490058,11.53846154,1.564102564
121.3462394,12.82051282,1.564102564
121.6272475,14.1025641,1.564102564
122.0629873,15.38461538,1.564102564
122.1890537,16.66666667,1.564102564
121.4085892,17.94871795,1.564102564
120.7654223,19.23076923,1.564102564
121.1493728,20.51282051,1.564102564
121.2202439,21.79487179,1.564102564
121.9420147,23.07692308,1.564102564
122.0691811,24.35897436,1.564102564
121.8555082,25.64102564,1.564102564
121.1994967,26.92307692,1.564102564
121.1037244,28.20512821,1.564102564
122.0826056,29.48717949,1.564102564
121.0912069,30.76923077,1.564102564
120.2903603,32.05128205,1.564102564
121.3264695,33.33333333,1.564102564
121.6100298,34.61538462,1.564102564
121.1356598,35.8974359,1.564102564
121.784884,37.17948718,1.564102564
121.822095,38.46153846,1.564102564
121.6113543,39.74358974,1.564102564
122.2375158,41.02564103,1.564102564
121.0236013,42.30769231,1.564102564
122.0866744,43.58974359,1.564102564
121.0482169,44.87179487,1.564102564
120.2784461,46.15384615,1.564102564
122.0574862,47.43589744,1.564102564
122.5232649,48.71794872,1.564102564
121.939339,50,1.564102564
136.4294909,0,1.705128205
135.3112098,1.282051282,1.705128205
135.2774123,2.564102564,1.705128205
134.633246,3.846153846,1.705128205
122.0963626,5.128205128,1.705128205
120.936242,6.41025641,1.705128205
121.0125771,7.692307692,1.705128205
122.3796702,8.974358974,1.705128205
122.1128048,10.25641026,1.705128205
121.9901358,11.53846154,1.705128205
122.309566,12.82051282,1.705128205
123.2343552,14.1025641,1.705128205
122.020517,15.38461538,1.705128205
122.1474294,16.66666667,1.705128205
121.3540899,17.94871795,1.705128205
121.9046392,19.23076923,1.705128205
120.6794994,20.51282051,1.705128205
121.8433259,21.79487179,1.705128205
120.8564792,23.07692308,1.705128205
119.7538571,24.35897436,1.705128205
120.918491,25.64102564,1.705128205
121.2045243,26.92307692,1.705128205
121.7956153,28.20512821,1.705128205
120.0158637,29.48717949,1.705128205
121.1750056,30.76923077,1.705128205
120.7791073,32.05128205,1.705128205
120.3501344,33.33333333,1.705128205
120.865497,34.61538462,1.705128205
122.4984946,35.8974359,1.705128205
121.2483084,37.17948718,1.705128205
121.102152,38.46153846,1.705128205
122.2725094,39.74358974,1.705128205
121.2407638,41.02564103,1.705128205
122.1832673,42.30769231,1.705128205
122.7410552,43.58974359,1.705128205
122.0966546,44.87179487,1.705128205
121.7236129,46.15384615,1.705128205
121.893717,47.43589744,1.705128205
120.4343382,48.71794872,1.705128205
122.0658247,50,1.705128205
135.8661121,0,1.846153846
135.8626699,1.282051282,1.846153846
135.0947125,2.564102564,1.846153846
134.561327,3.846153846,1.846153846
121.4305833,5.128205128,1.846153846
121.886089,6.41025641,1.846153846
119.7672745,7.692307692,1.846153846
121.4197335,8.974358974,1.846153846
121.5217491,10.25641026,1.846153846
120.6712674,11.53846154,1.846153846
120.9377684,12.82051282,1.846153846
120.8073613,14.1025641,1.846153846
121.2722918,15.38461538,1.846153846
121.5945264,16.66666667,1.846153846
121.4078968,17.94871795,1.846153846
121.4221993,19.23076923,1.846153846
121.7777349,20.51282051,1.846153846
120.8862377,21.79487179,1.846153846
122.8268571,23.07692308,1.846153846
121.4364414,24.35897436,1.846153846
121.804607,25.64102564,1.846153846
120.4245396,26.92307692,1.846153846
120.9549532,28.20512821,1.846153846
121.0335291,29.48717949,1.846153846
122.0352748,30.76923077,1.846153846
121.7102761,32.05128205,1.846153846
120.5381511,33.33333333,1.846153846
120.2986289,34.61538462,1.846153846
121.4433476,35.8974359,1.846153846
121.2762686,37.17948718,1.846153846
121.8977925,38.46153846,1.846153846
123.1614483,39.74358974,1.846153846
122.0853375,41.02564103,1.846153846
120.8593277,42.30769231,1.846153846
121.9106652,43.58974359,1.846153846
121.6911716,44.87179487,1.846153846
120.6022765,46.15384615,1.846153846
121.0101808,47.43589744,1.846153846
121.6533479,48.71794872,1.846153846
121.8678885,50,1.846153846
134.5163264,0,1.987179487
136.2370809,1.282051282,1.987179487
135.2271255,2.564102564,1.987179487
134.5261982,3.846153846,1.987179487
122.2415116,5.128205128,1.987179487
120.908319,6.41025641,1.987179487
121.4527515,7.692307692,1.987179487
120.5414489,8.974358974,1.987179487
121.4042746,10.25641026,1.987179487
121.2958501,11.53846154,1.987179487
121.6939405,12.82051282,1.987179487
121.3556087,14.1025641,1.987179487
120.9665375,15.38461538,1.987179487
123.0193698,16.66666667,1.987179487
120.9428075,17.94871795,1.987179487
121.03544,19.23076923,1.987179487
122.3655469,20.51282051,1.987179487
121.020062,21.79487179,1.987179487
120.9115213,23.07692308,1.987179487
120.9915169,24.35897436,1.987179487
121.2704623,25.64102564,1.987179487
121.7489562,26.92307692,1.987179487
121.6411349,28.20512821,1.987179487
121.6831415,29.48717949,1.987179487
121.1622004,30.76923077,1.987179487
121.5887902,32.05128205,1.987179487
122.293828,33.33333333,1.987179487
122.2525846,34.61538462,1.987179487
121.7129411,35.8974359,1.987179487
122.0270404,37.17948718,1.987179487
121.5445516,38.46153846,1.987179487
121.9171777,39.74358974,1.987179487
122.7522852,41.02564103,1.987179487
122.3074108,42.30769231,1.987179487
121.5102765,43.58974359,1.987179487
120.4776109,44.87179487,1.987179487
121.0690741,46.15384615,1.987179487
121.1604044,47.43589744,1.987179487
122.1220191,48.71794872,1.987179487
121.2002915,50,1.987179487
135.9541608,0,2.128205128
136.2098154,1.282051282,2.128205128
135.7014166,2.564102564,2.128205128
134.3180096,3.846153846,2.128205128
121.6256472,5.128205128,2.128205128
121.4451392,6.41025641,2.128205128
122.4481519,7.692307692,2.128205128
122.5621115,8.974358974,2.128205128
121.3196815,10.25641026,2.128205128
120.9320903,11.53846154,2.128205128
121.8970914,12.82051282,2.128205128
121.8898425,14.1025641,2.128205128
121.0207009,15.38461538,2.128205128
122.8665462,16.66666667,2.128205128
120.5267431,17.94871795,2.128205128
122.3053506,19.23076923,2.128205128
120.6660176,20.51282051,2.128205128
121.7430712,21.79487179,2.128205128
123.0323178,23.07692308,2.128205128
122.7462651,24.35897436,2.128205128
122.0204561,25.64102564,2.128205128
121.7708821,26.92307692,2.128205128
121.6985451,28.20512821,2.128205128
120.5986661,29.48717949,2.128205128
121.8704108,30.76923077,2.128205128
120.8224491,32.05128205,2.128205128
122.1229193,33.33333333,2.128205128
121.4131762,34.61538462,2.128205128
121.2964735,35.8974359,2.128205128
121.1770321,37.17948718,2.128205128
121.6211363,38.46153846,2.128205128
122.3382466,39.74358974,2.128205128
120.8105011,41.02564103,2.128205128
122.8289531,42.30769231,2.128205128
121.7849767,43.58974359,2.128205128
122.0247405,44.87179487,2.128205128
122.2721089,46.15384615,2.128205128
121.3055242,47.43589744,2.128205128
122.7153934,48.71794872,2.128205128
122.7231412,50,2.128205128
135.5213211,0,2.269230769
136.1970685,1.282051282,2.269230769
135.4724908,2.564102564,2.269230769
134.8212337,3.846153846,2.269230769
122.5296195,5.128205128,2.269230769
120.6259168,6.41025641,2.269230769
121.5332035,7.692307692,2.269230769
122.2333188,8.974358974,2.269230769
121.2599626,10.25641026,2.269230769
121.34628,11.53846154,2.269230769
122.0958293,12.82051282,2.269230769
121.7472671,14.1025641,2.269230769
122.7446901,15.38461538,2.269230769
121.896071,16.66666667,2.269230769
121.4342986,17.94871795,2.269230769
120.9627998,19.23076923,2.269230769
121.6456632,20.51282051,2.269230769
120.7954389,21.79487179,2.269230769
121.3663952,23.07692308,2.269230769
121.9892481,24.35897436,2.269230769
122.2218886,25.64102564,2.269230769
121.0886553,26.92307692,2.269230769
122.4355347,28.20512821,2.269230769
121.9844195,29.48717949,2.269230769
121.3009576,30.76923077,2.269230769
121.7839357,32.05128205,2.269230769
120.3980465,33.33333333,2.269230769
122.3163319,34.61538462,2.269230769
121.9523839,35.8974359,2.269230769
122.60995,37.17948718,2.269230769
121.2679069,38.46153846,2.269230769
122.3601569,39.74358974,2.269230769
122.2052363,41.02564103,2.269230769
122.0819302,42.30769231,2.269230769
121.926778,43.58974359,2.269230769
122.2767348,44.87179487,2.269230769
121.7812398,46.15384615,2.269230769
121.3663129,47.43589744,2.269230769
121.146375,48.71794872,2.269230769
121.40791,50,2.269230769
134.5858398,0,2.41025641
135.5001733,1.282051282,2.41025641
136.0589007,2.564102564,2.41025641
134.7334318,3.846153846,2.41025641
121.2003826,5.128205128,2.41025641
120.5784031,6.41025641,2.41025641
121.0886238,7.692307692,2.41025641
122.7645777,8.974358974,2.41025641
121.1071884,10.25641026,2.41025641
122.9817862,11.53846154,2.41025641
121.5221904,12.82051282,2.41025641
121.1323616,14.1025641,2.41025641
121.289031,15.38461538,2.41025641
121.8830995,16.66666667,2.41025641
121.6609336,17.94871795,2.41025641
121.9687803,19.23076923,2.41025641
120.7473314,20.51282051,2.41025641
121.1430491,21.79487179,2.41025641
120.922478,23.07692308,2.41025641
121.2332344,24.35897436,2.41025641
121.8004075,25.64102564,2.41025641
122.7830298,26.92307692,2.41025641
120.8351818,28.20512821,2.41025641
121.5863868,29.48717949,2.41025641
122.0604285,30.76923077,2.41025641
122.486353,32.05128205,2.41025641
122.1428457,33.33333333,2.41025641
122.2373294,34.61538462,2.41025641
121.2006131,35.8974359,2.41025641
121.4294887,37.17948718,2.41025641
121.5039666,38.46153846,2.41025641
120.8988157,39.74358974,2.41025641
121.9097814,41.02564103,2.41025641
121.0283469,42.30769231,2.41025641
120.468005,43.58974359,2.41025641
121.7157999,44.87179487,2.41025641
121.1275381,46.15384615,2.41025641
122.295834,47.43589744,2.41025641
121.3934296,48.71794872,2.41025641
122.9957506,50,2.41025641
135.9919264,0,2.551282051
135.2133671,1.282051282,2.551282051
135.687804,2.564102564,2.551282051
134.9297386,3.846153846,2.551282051
121.328286,5.128205128,2.551282051
121.1833033,6.41025641,2.551282051
121.888038,7.692307692,2.551282051
121.7587408,8.974358974,2.551282051
121.3504501,10.25641026,2.551282051
121.46657,11.53846154,2.551282051
121.6842486,12.82051282,2.551282051
121.5444742,14.1025641,2.551282051
121.3716249,15.38461538,2.551282051
121.3164226,16.66666667,2.551282051
121.9404737,17.94871795,2.551282051
121.2815973,19.23076923,2.551282051
121.1228342,20.51282051,2.551282051
121.0197824,21.79487179,2.551282051
121.4547109,23.07692308,2.551282051
120.7689097,24.35897436,2.551282051
122.5065689,25.64102564,2.551282051
120.3519178,26.92307692,2.551282051
120.7229944,28.20512821,2.551282051
120.1486387,29.48717949,2.551282051
122.1975337,30.76923077,2.551282051
120.7514057,32.05128205,2.551282051
122.2780623,33.33333333,2.551282051
120.8705336,34.61538462,2.551282051
122.1392236,35.8974359,2.551282051
120.8739062,37.17948718,2.551282051
121.6501861,38.46153846,2.551282051
121.3338379,39.74358974,2.551282051
121.4233963,41.02564103,2.551282051
121.6638656,42.30769231,2.551282051
122.1239025,43.58974359,2.551282051
122.3301279,44.87179487,2.551282051
122.1286931,46.15384615,2.551282051
121.4683924,47.43589744,2.551282051
122.240988,48.71794872,2.551282051
122.2151019,50,2.551282051
136.090453,0,2.692307692
136.0615557,1.282051282,2.692307692
135.056822,2.564102564,2.692307692
135.1003531,3.846153846,2.692307692
122.0022757,5.128205128,2.692307692
121.1804864,6.41025641,2.692307692
121.580116,7.692307692,2.692307692
121.7395732,8.974358974,2.692307692
121.1090065,10.25641026,2.692307692
120.9831786,11.53846154,2.692307692
121.336293,12.82051282,2.692307692
122.0632351,14.1025641,2.692307692
121.1981002,15.38461538,2.692307692
120.5670232,16.66666667,2.692307692
121.6506386,17.94871795,2.692307692
121.7419811,19.23076923,2.692307692
120.5874357,20.51282051,2.692307692
121.0716902,21.79487179,2.692307692
122.3307229,23.07692308,2.692307692
121.4224992,24.35897436,2.692307692
121.4094645,25.64102564,2.692307692
121.2429909,26.92307692,2.692307692
122.2614067,28.20512821,2.692307692
121.9044311,29.48717949,2.692307692
122.210149,30.76923077,2.692307692
123.2514096,32.05128205,2.692307692
122.4243962,33.33333333,2.692307692
122.184075,34.61538462,2.692307692
121.2393308,35.8974359,2.692307692
121.9583073,37.17948718,2.692307692
121.6566343,38.46153846,2.692307692
121.77708,39.74358974,2.692307692
121.6554095,41.02564103,2.692307692
122.2907514,42.30769231,2.692307692
122.2414136,43.58974359,2.692307692
122.1745304,44.87179487,2.692307692
122.0898213,46.15384615,2.692307692
121.074699,47.43589744,2.692307692
120.6739921,48.71794872,2.692307692
120.980294,50,2.692307692
135.3614222,0,2.833333333
135.458112,1.282051282,2.833333333
135.1224557,2.564102564,2.833333333
134.37002,3.846153846,2.833333333
122.2970311,5.128205128,2.833333333
120.7188697,6.41025641,2.833333333
120.9729655,7.692307692,2.833333333
122.1753458,8.974358974,2.833333333
122.0388099,10.25641026,2.833333333
121.6350087,11.53846154,2.833333333
122.2607283,12.82051282,2.833333333
120.8476518,14.1025641,2.833333333
121.5312932,15.38461538,2.833333333
121.7975654,16.66666667,2.833333333
120.8403525,17.94871795,2.833333333
120.251675,19.23076923,2.833333333
121.5829678,20.51282051,2.833333333
121.0686135,21.79487179,2.833333333
121.4742744,23.07692308,2.833333333
121.6318138,24.35897436,2.833333333
121.2043372,25.64102564,2.833333333
121.865588,26.92307692,2.833333333
122.1342346,28.20512821,2.833333333
121.5304134,29.48717949,2.833333333
122.031741,30.76923077,2.833333333
121.9105983,32.05128205,2.833333333
120.2236429,33.33333333,2.833333333
121.2107647,34.61538462,2.833333333
122.7669547,35.8974359,2.833333333
121.6473364,37.17948718,2.833333333
122.529051,38.46153846,2.833333333
120.6698173,39.74358974,2.833333333
120.6471577,41.02564103,2.833333333
123.4558053,42.30769231,2.833333333
120.4660858,43.58974359,2.833333333
121.2850533,44.87179487,2.833333333
120.9024785,46.15384615,2.833333333
122.2132437,47.43589744,2.833333333
121.2175257,48.71794872,2.833333333
121.8660707,50,2.833333333
135.4910716,0,2.974358974
136.3274703,1.282051282,2.974358974
135.6480497,2.564102564,2.974358974
134.3211614,3.846153846,2.974358974
122.1580692,5.128205128,2.974358974
121.6857855,6.41025641,2.974358974
121.4131504,7.692307692,2.974358974
121.439332,8.974358974,2.974358974
121.3766485,10.25641026,2.974358974
121.9272909,11.53846154,2.974358974
121.9054525,12.82051282,2.974358974
121.449021,14.1025641,2.974358974
121.2868547,15.38461538,2.974358974
120.8321994,16.66666667,2.974358974
121.5813077,17.94871795,2.974358974
121.214522,19.23076923,2.974358974
120.8013542,20.51282051,2.974358974
122.1810992,21.79487179,2.974358974
121.6842103,23.07692308,2.974358974
122.0404996,24.35897436,2.974358974
121.3180993,25.64102564,2.974358974
122.4790044,26.92307692,2.974358974
121.1733376,28.20512821,2.974358974
121.7771468,29.48717949,2.974358974
122.5183822,30.76923077,2.974358974
121.6183662,32.05128205,2.974358974
121.4231498,33.33333333,2.974358974
122.3717936,34.61538462,2.974358974
121.6313291,35.8974359,2.974358974
122.4006095,37.17948718,2.974358974
121.396247,38.46153846,2.974358974
121.6790517,39.74358974,2.974358974
121.4671256,41.02564103,2.974358974
120.8173818,42.30769231,2.974358974
121.1648049,43.58974359,2.974358974
120.5662525,44.87179487,2.974358974
122.3259279,46.15384615,2.974358974
120.8627713,47.43589744,2.974358974
120.7447861,48.71794872,2.974358974
121.7772624,50,2.974358974
135.2596308,0,3.115384615
135.7184854,1.282051282,3.115384615
134.5104181,2.564102564,3.115384615
134.4150117,3.846153846,3.115384615
121.6630398,5.128205128,3.115384615
121.0222915,6.41025641,3.115384615
121.0539142,7.692307692,3.115384615
121.2491324,8.974358974,3.115384615
121.1312713,10.25641026,3.115384615
121.6403418,11.53846154,3.115384615
120.9627891,12.82051282,3.115384615
121.8149719,14.1025641,3.115384615
121.3436602,15.38461538,3.115384615
121.342194,16.66666667,3.115384615
121.0197849,17.94871795,3.115384615
121.1270092,19.23076923,3.115384615
120.8930877,20.51282051,3.115384615
121.2055805,21.79487179,3.115384615
120.832399,23.07692308,3.115384615
122.1405937,24.35897436,3.115384615
121.5457093,25.64102564,3.115384615
120.0780774,26.92307692,3.115384615
121.5872943,28.20512821,3.115384615
121.1815003,29.48717949,3.115384615
122.8302226,30.76923077,3.115384615
120.8160481,32.05128205,3.115384615
121.8826207,33.33333333,3.115384615
122.5738181,34.61538462,3.115384615
122.3526405,35.8974359,3.115384615
121.0738299,37.17948718,3.115384615
122.0484499,38.46153846,3.115384615
121.62335,39.74358974,3.115384615
123.1055762,41.02564103,3.115384615
122.3786024,42.30769231,3.115384615
120.6379809,43.58974359,3.115384615
122.4229888,44.87179487,3.115384615
122.2959545,46.15384615,3.115384615
120.8696757,47.43589744,3.115384615
120.7699579,48.71794872,3.115384615
122.1158971,50,3.115384615
135.9702279,0,3.256410256
135.772687,1.282051282,3.256410256
136.1578867,2.564102564,3.256410256
134.7470848,3.846153846,3.256410256
122.1920482,5.128205128,3.256410256
120.5069384,6.41025641,3.256410256
122.5106013,7.692307692,3.256410256
122.8069731,8.974358974,3.256410256
121.6230127,10.25641026,3.256410256
122.004303,11.53846154,3.256410256
122.0228403,12.82051282,3.256410256
121.0369073,14.1025641,3.256410256
120.5923082,15.38461538,3.256410256
120.9817461,16.66666667,3.256410256
121.4457594,17.94871795,3.256410256
121.433976,19.23076923,3.256410256
122.0064745,20.51282051,3.256410256
122.0792322,21.79487179,3.256410256
121.3741637,23.07692308,3.256410256
120.895278,24.35897436,3.256410256
120.9539722,25.64102564,3.256410256
122.6566657,26.92307692,3.256410256
122.2658014,28.20512821,3.256410256
122.4700202,29.48717949,3.256410256
121.5068011,30.76923077,3.256410256
122.0930987,32.05128205,3.256410256
121.4735116,33.33333333,3.256410256
121.8499437,34.61538462,3.256410256
121.5146313,35.8974359,3.256410256
121.1690749,37.17948718,3.256410256
123.0036855,38.46153846,3.256410256
121.754869,39.74358974,3.256410256
122.0337576,41.02564103,3.256410256
121.5816988,42.30769231,3.256410256
121.6505133,43.58974359,3.256410256
122.0564768,44.87179487,3.256410256
122.1941926,46.15384615,3.256410256
122.2823132,47.43589744,3.256410256
121.9745256,48.71794872,3.256410256
122.9006432,50,3.256410256
135.4729749,0,3.397435897
135.7010544,1.282051282,3.397435897
134.8871879,2.564102564,3.397435897
134.9071087,3.846153846,3.397435897
121.8949614,5.128205128,3.397435897
122.5310767,6.41025641,3.397435897
121.9069188,7.692307692,3.397435897
122.8053119,8.974358974,3.397435897
121.2500181,10.25641026,3.397435897
122.7280335,11.53846154,3.397435897
121.7234813,12.82051282,3.397435897
121.9138711,14.1025641,3.397435897
121.9436668,15.38461538,3.397435897
121.6034686,16.66666667,3.397435897
121.4076054,17.94871795,3.397435897
122.7462303,19.23076923,3.397435897
120.7906331,20.51282051,3.397435897
121.9284709,21.79487179,3.397435897
122.5982328,23.07692308,3.397435897
121.4769486,24.35897436,3.397435897
121.3140869,25.64102564,3.397435897
122.8726956,26.92307692,3.397435897
121.3450245,28.20512821,3.397435897
122.001488,29.48717949,3.397435897
122.9591245,30.76923077,3.397435897
122.4533764,32.05128205,3.397435897
122.5292468,33.33333333,3.397435897
121.2901532,34.61538462,3.397435897
120.2053829,35.8974359,3.397435897
120.1331141,37.17948718,3.397435897
121.4874825,38.46153846,3.397435897
121.0604809,39.74358974,3.397435897
122.4357214,41.02564103,3.397435897
122.580191,42.30769231,3.397435897
121.1195602,43.58974359,3.397435897
122.4340479,44.87179487,3.397435897
122.514317,46.15384615,3.397435897
121.0440619,47.43589744,3.397435897
120.9971928,48.71794872,3.397435897
121.0283684,50,3.397435897
135.2966435,0,3.538461538
135.9860558,1.282051282,3.538461538
135.5099404,2.564102564,3.538461538
134.3984048,3.846153846,3.538461538
121.5713419,5.128205128,3.538461538
121.8600281,6.41025641,3.538461538
121.1771919,7.692307692,3.538461538
122.3013767,8.974358974,3.538461538
122.2026994,10.25641026,3.538461538
121.5538462,11.53846154,3.538461538
122.7274627,12.82051282,3.538461538
121.0827498,14.1025641,3.538461538
120.0119084,15.38461538,3.538461538
121.0077168,16.66666667,3.538461538
120.7262621,17.94871795,3.538461538
121.5612604,19.23076923,3.538461538
122.0048872,20.51282051,3.538461538
121.9905821,21.79487179,3.538461538
122.8182312,23.07692308,3.538461538
120.8737051,24.35897436,3.538461538
121.1330462,25.64102564,3.538461538
121.6714644,26.92307692,3.538461538
121.4000603,28.20512821,3.538461538
121.7506074,29.48717949,3.538461538
121.9774212,30.76923077,3.538461538
121.5390591,32.05128205,3.538461538
121.5374475,33.33333333,3.538461538
120.8414993,34.61538462,3.538461538
121.7856489,35.8974359,3.538461538
121.5211288,37.17948718,3.538461538
122.1212754,38.46153846,3.538461538
121.1886849,39.74358974,3.538461538
121.5408686,41.02564103,3.538461538
122.1244763,42.30769231,3.538461538
122.4349711,43.58974359,3.538461538
121.9041237,44.87179487,3.538461538
122.1022733,46.15384615,3.538461538
121.3699739,47.43589744,3.538461538
121.4958166,48.71794872,3.538461538
120.2774211,50,3.538461538
135.2730491,0,3.679487179
135.3366652,1.282051282,3.679487179
135.9282537,2.564102564,3.679487179
134.7707175,3.846153846,3.679487179
121.1872916,5.128205128,3.679487179
122.6312099,6.41025641,3.679487179
122.7549029,7.692307692,3.679487179
123.0626577,8.974358974,3.679487179
122.185459,10.25641026,3.679487179
120.7314485,11.53846154,3.679487179
121.6135022,12.82051282,3.679487179
122.0522074,14.1025641,3.679487179
121.0335978,15.38461538,3.679487179
121.1676034,16.66666667,3.679487179
121.2808615,17.94871795,3.679487179
121.8512729,19.23076923,3.679487179
121.6760169,20.51282051,3.679487179
122.2169406,21.79487179,3.679487179
120.3610748,23.07692308,3.679487179
121.45971,24.35897436,3.679487179
121.2766757,25.64102564,3.679487179
121.7512491,26.92307692,3.679487179
121.8193405,28.20512821,3.679487179
121.5878458,29.48717949,3.679487179
121.5427648,30.76923077,3.679487179
121.2019809,32.05128205,3.679487179
120.4223198,33.33333333,3.679487179
121.7042709,34.61538462,3.679487179
121.9256141,35.8974359,3.679487179
121.2830244,37.17948718,3.679487179
121.4625817,38.46153846,3.679487179
122.4890496,39.74358974,3.679487179
121.9105846,41.02564103,3.679487179
121.455375,42.30769231,3.679487179
121.777323,43.58974359,3.679487179
120.8611997,44.87179487,3.679487179
121.3051552,46.15384615,3.679487179
121.2585666,47.43589744,3.679487179
122.611367,48.71794872,3.679487179
121.973203,50,3.679487179
135.8311501,0,3.820512821
135.5316003,1.282051282,3.820512821
135.783919,2.564102564,3.820512821
133.9414366,3.846153846,3.820512821
121.9967768,5.128205128,3.820512821
122.778719,6.41025641,3.820512821
121.1557504,7.692307692,3.820512821
121.5602806,8.974358974,3.820512821
122.9943938,10.25641026,3.820512821
122.1973667,11.53846154,3.820512821
122.4218846,12.82051282,3.820512821
121.8599949,14.1025641,3.820512821
120.9726079,15.38461538,3.820512821
121.9784356,16.66666667,3.820512821
122.2842838,17.94871795,3.820512821
121.3519342,19.23076923,3.820512821
121.1061509,20.51282051,3.820512821
122.6975973,21.79487179,3.820512821
121.0726802,23.07692308,3.820512821
122.074666,24.35897436,3.820512821
122.6868714,25.64102564,3.820512821
120.1848493,26.92307692,3.820512821
121.1459149,28.20512821,3.820512821
122.5024366,29.48717949,3.820512821
121.9884775,30.76923077,3.820512821
121.4917772,32.05128205,3.820512821
122.0776098,33.33333333,3.820512821
121.6630245,34.61538462,3.820512821
122.4711967,35.8974359,3.820512821
121.1026628,37.17948718,3.820512821
120.2099676,38.46153846,3.820512821
120.3838621,39.74358974,3.820512821
121.1172022,41.02564103,3.820512821
121.5191207,42.30769231,3.820512821
121.8309975,43.58974359,3.820512821
122.9479493,44.87179487,3.820512821
121.5411587,46.15384615,3.820512821
120.8221563,47.43589744,3.820512821
120.9194027,48.71794872,3.820512821
121.0327587,50,3.820512821
135.4676901,0,3.961538462
135.9125392,1.282051282,3.961538462
134.7035503,2.564102564,3.961538462
133.6666858,3.846153846,3.961538462
120.809643,5.128205128,3.961538462
121.6691942,6.41025641,3.961538462
121.0995298,7.692307692,3.961538462
122.5156562,8.974358974,3.961538462
123.6517252,10.25641026,3.961538462
121.662413,11.53846154,3.961538462
122.0629182,12.82051282,3.961538462
121.8517307,14.1025641,3.961538462
122.290702,15.38461538,3.961538462
121.1672297,16.66666667,3.961538462
122.2419773,17.94871795,3.961538462
122.2020721,19.23076923,3.961538462
121.9094949,20.51282051,3.961538462
123.1563346,21.79487179,3.961538462
121.0319936,23.07692308,3.961538462
121.6595851,24.35897436,3.961538462
121.9843801,25.64102564,3.961538462
121.292487,26.92307692,3.961538462
121.4029288,28.20512821,3.961538462
122.627219,29.48717949,3.961538462
120.6317428,30.76923077,3.961538462
122.3438861,32.05128205,3.961538462
122.1415047,33.33333333,3.961538462
121.0731325,34.61538462,3.961538462
121.756261,35.8974359,3.961538462
121.8938488,37.17948718,3.961538462
121.9591438,38.46153846,3.961538462
121.5570738,39.74358974,3.961538462
121.9936067,41.02564103,3.961538462
121.1318263,42.30769231,3.961538462
121.5123392,43.58974359,3.961538462
122.8002547,44.87179487,3.961538462
122.6355361,46.15384615,3.961538462
122.7862329,47.43589744,3.961538462
121.3863607,48.71794872,3.961538462
122.4430251,50,3.961538462
135.7774093,0,4.102564103
135.7974162,1.282051282,4.102564103
135.3198311,2.564102564,4.102564103
134.792617,3.846153846,4.102564103
121.2285114,5.128205128,4.102564103
121.8507833,6.41025641,4.102564103
121.9383113,7.692307692,4.102564103
121.3267296,8.974358974,4.102564103
120.6792337,10.25641026,4.102564103
120.7615607,11.53846154,4.102564103
121.4309064,12.82051282,4.102564103
122.2191968,14.1025641,4.102564103
120.5210708,15.38461538,4.102564103
122.9555608,16.66666667,4.102564103
121.8094415,17.94871795,4.102564103
122.2050177,19.23076923,4.102564103
121.9877646,20.51282051,4.102564103
122.6408979,21.79487179,4.102564103
121.9621154,23.07692308,4.102564103
122.1256913,24.35897436,4.102564103
120.997422,25.64102564,4.102564103
121.9390931,26.92307692,4.102564103
121.9965157,28.20512821,4.102564103
122.2451802,29.48717949,4.102564103
121.6067831,30.76923077,4.102564103
121.1881938,32.05128205,4.102564103
122.0871668,33.33333333,4.102564103
120.9122772,34.61538462,4.102564103
122.1782232,35.8974359,4.102564103
121.125997,37.17948718,4.102564103
121.8005831,38.46153846,4.102564103
121.6027858,39.74358974,4.102564103
121.0175635,41.02564103,4.102564103
122.5239713,42.30769231,4.102564103
122.1219905,43.58974359,4.102564103
121.5799957,44.87179487,4.102564103
122.3143652,46.15384615,4.102564103
121.3988229,47.43589744,4.102564103
121.6331851,48.71794872,4.102564103
121.9656593,50,4.102564103
135.7974179,0,4.243589744
135.7918721,1.282051282,4.243589744
134.7414572,2.564102564,4.243589744
134.0162554,3.846153846,4.243589744
121.2297149,5.128205128,4.243589744
122.936187,6.41025641,4.243589744
121.1885816,7.692307692,4.243589744
121.137488,8.974358974,4.243589744
122.9325118,10.25641026,4.243589744
121.123788,11.53846154,4.243589744
122.0622778,12.82051282,4.243589744
121.4313404,14.1025641,4.243589744
121.2312864,15.38461538,4.243589744
122.0094798,16.66666667,4.243589744
121.9513222,17.94871795,4.243589744
120.7952614,19.23076923,4.243589744
120.3129802,20.51282051,4.243589744
121.4388959,21.79487179,4.243589744
121.3486322,23.07692308,4.243589744
121.596459,24.35897436,4.243589744
121.2035285,25.64102564,4.243589744
120.8808241,26.92307692,4.243589744
122.0209691,28.20512821,4.243589744
122.2124094,29.48717949,4.243589744
121.3577575,30.76923077,4.243589744
121.5503174,32.05128205,4.243589744
121.7650621,33.33333333,4.243589744
120.8727611,34.61538462,4.243589744
120.8742157,35.8974359,4.243589744
121.0204666,37.17948718,4.243589744
121.8260318,38.46153846,4.243589744
121.6533308,39.74358974,4.243589744
121.1657846,41.02564103,4.243589744
122.4399797,42.30769231,4.243589744
120.8334199,43.58974359,4.243589744
122.1063121,44.87179487,4.243589744
121.5563164,46.15384615,4.243589744
122.4025365,47.43589744,4.243589744
120.2457622,48.71794872,4.243589744
121.4568598,50,4.243589744
135.2714991,0,4.384615385
134.9095646,1.282051282,4.384615385
135.272766,2.564102564,4.384615385
133.7710229,3.846153846,4.384615385
121.0157264,5.128205128,4.384615385
121.8432936,6.41025641,4.384615385
123.1194361,7.692307692,4.384615385
120.6784263,8.974358974,4.384615385
121.2003775,10.25641026,4.384615385
122.3071554,11.53846154,4.384615385
122.3656887,12.82051282,4.384615385
120.9265748,14.1025641,4.384615385
121.9912478,15.38461538,4.384615385
121.6690975,16.66666667,4.384615385
122.8296691,17.94871795,4.384615385
121.9351246,19.23076923,4.384615385
120.7276958,20.51282051,4.384615385
122.3655539,21.79487179,4.384615385
120.5214989,23.07692308,4.384615385
121.4672109,24.35897436,4.384615385
121.2085291,25.64102564,4.384615385
121.8222542,26.92307692,4.384615385
122.2899264,28.20512821,4.384615385
122.330689,29.48717949,4.384615385
120.7441869,30.76923077,4.384615385
121.4523708,32.05128205,4.384615385
121.290335,33.33333333,4.384615385
121.399733,34.61538462,4.384615385
121.3259291,35.8974359,4.384615385
121.8841415,37.17948718,4.384615385
120.6415899,38.46153846,4.384615385
122.5465067,39.74358974,4.384615385
122.9846403,41.02564103,4.384615385
120.7366778,42.30769231,4.384615385
120.98876,43.58974359,4.384615385
121.5880616,44.87179487,4.384615385
122.1605353,46.15384615,4.384615385
122.0845539,47.43589744,4.384615385
121.4943927,48.71794872,4.384615385
121.4971286,50,4.384615385
136.6051634,0,4.525641026
135.5147114,1.282051282,4.525641026
135.0416919,2.564102564,4.525641026
133.9781586,3.846153846,4.525641026
121.9118134,5.128205128,4.525641026
121.0506408,6.41025641,4.525641026
121.7957453,7.692307692,4.525641026
122.1807268,8.974358974,4.525641026
120.3555147,10.25641026,4.525641026
121.3033584,11.53846154,4.525641026
121.9394712,12.82051282,4.525641026
121.2912033,14.1025641,4.525641026
122.1120499,15.38461538,4.525641026
121.2856369,16.66666667,4.525641026
121.3472754,17.94871795,4.525641026
122.4296434,19.23076923,4.525641026
121.4359597,20.51282051,4.525641026
121.0851957,21.79487179,4.525641026
122.3335702,23.07692308,4.525641026
121.9633685,24.35897436,4.525641026
121.923385,25.64102564,4.525641026
121.1926644,26.92307692,4.525641026
121.4320445,28.20512821,4.525641026
122.2874505,29.48717949,4.525641026
121.6457908,30.76923077,4.525641026
120.8188248,32.05128205,4.525641026
122.5853196,33.33333333,4.525641026
121.671283,34.61538462,4.525641026
120.2882697,35.8974359,4.525641026
121.2616913,37.17948718,4.525641026
123.3247979,38.46153846,4.525641026
122.8559016,39.74358974,4.525641026
120.5504821,41.02564103,4.525641026
121.5264314,42.30769231,4.525641026
122.0256443,43.58974359,4.525641026
121.9820258,44.87179487,4.525641026
121.6924236,46.15384615,4.525641026
121.6793527,47.43589744,4.525641026
121.0364601,48.71794872,4.525641026
121.2345012,50,4.525641026
135.8965642,0,4.666666667
136.0786442,1.282051282,4.666666667
136.0059923,2.564102564,4.666666667
134.4138526,3.846153846,4.666666667
122.2407609,5.128205128,4.666666667
122.0615694,6.41025641,4.666666667
121.2458315,7.692307692,4.666666667
121.0259649,8.974358974,4.666666667
120.7436326,10.25641026,4.666666667
122.4955391,11.53846154,4.666666667
121.6327745,12.82051282,4.666666667
121.4412988,14.1025641,4.666666667
120.9700191,15.38461538,4.666666667
121.4662242,16.66666667,4.666666667
121.1894476,17.94871795,4.666666667
121.9907273,19.23076923,4.666666667
121.2993715,20.51282051,4.666666667
122.1277947,21.79487179,4.666666667
121.535041,23.07692308,4.666666667
121.5890254,24.35897436,4.666666667
119.6469527,25.64102564,4.666666667
121.0635528,26.92307692,4.666666667
121.5651238,28.20512821,4.666666667
121.4085914,29.48717949,4.666666667
121.4200551,30.76923077,4.666666667
122.7714652,32.05128205,4.666666667
120.6334282,33.33333333,4.666666667
120.952923,34.61538462,4.666666667
121.5777384,35.8974359,4.666666667
121.3444198,37.17948718,4.666666667
121.8334096,38.46153846,4.666666667
121.6473178,39.74358974,4.666666667
122.3589325,41.02564103,4.666666667
121.1648021,42.30769231,4.666666667
120.7255809,43.58974359,4.666666667
121.7534311,44.87179487,4.666666667
121.5439833,46.15384615,4.666666667
121.6570201,47.43589744,4.666666667
122.113909,48.71794872,4.666666667
121.9023031,50,4.666666667
135.2896945,0,4.807692308
135.0713677,1.282051282,4.807692308
135.4249189,2.564102564,4.807692308
135.236751,3.846153846,4.807692308
121.7367305,5.128205128,4.807692308
121.6417391,6.41025641,4.807692308
121.4929347,7.692307692,4.807692308
122.4056967,8.974358974,4.807692308
120.8319267,10.25641026,4.807692308
122.4254884,11.53846154,4.807692308
120.9462833,12.82051282,4.807692308
121.0050483,14.1025641,4.807692308
122.531703,15.38461538,4.807692308
122.2512858,16.66666667,4.807692308
121.304086,17.94871795,4.807692308
121.8383774,19.23076923,4.807692308
121.5115526,20.51282051,4.807692308
120.717904,21.79487179,4.807692308
121.9042935,23.07692308,4.807692308
121.3250263,24.35897436,4.807692308
121.1695584,25.64102564,4.807692308
122.4547556,26.92307692,4.807692308
120.0805307,28.20512821,4.807692308
121.5639406,29.48717949,4.807692308
121.1801446,30.76923077,4.807692308
122.8159025,32.05128205,4.807692308
120.4351091,33.33333333,4.807692308
122.3109035,34.61538462,4.807692308
121.7020598,35.8974359,4.807692308
122.3585874,37.17948718,4.807692308
121.0488291,38.46153846,4.807692308
122.8307493,39.74358974,4.807692308
121.6398861,41.02564103,4.807692308
121.9199283,42.30769231,4.807692308
121.295876,43.58974359,4.807692308
121.5530579,44.87179487,4.807692308
122.1650523,46.15384615,4.807692308
121.9236839,47.43589744,4.807692308
122.1696563,48.71794872,4.807692308
122.2137394,50,4.807692308
136.2001845,0,4.948717949
135.7241584,1.282051282,4.948717949
135.9377767,2.564102564,4.948717949
134.4487857,3.846153846,4.948717949
121.6089747,5.128205128,4.948717949
120.9686274,6.41025641,4.948717949
121.11594,7.692307692,4.948717949
121.8650339,8.974358974,4.948717949
122.2251441,10.25641026,4.948717949
119.627095,11.53846154,4.948717949
121.0795812,12.82051282,4.948717949
120.959104,14.1025641,4.948717949
121.9800278,15.38461538,4.948717949
122.0983736,16.66666667,4.948717949
122.2357351,17.94871795,4.948717949
121.0540944,19.23076923,4.948717949
122.3645267,20.51282051,4.948717949
121.6648795,21.79487179,4.948717949
121.7037935,23.07692308,4.948717949
121.7501421,24.35897436,4.948717949
121.7464105,25.64102564,4.948717949
121.4120486,26.92307692,4.948717949
122.5057236,28.20512821,4.948717949
122.0933127,29.48717949,4.948717949
121.8909474,30.76923077,4.948717949
121.446482,32.05128205,4.948717949
120.3008024,33.33333333,4.948717949
121.754175,34.61538462,4.948717949
122.5427258,35.8974359,4.948717949
121.0709606,37.17948718,4.948717949
121.4226349,38.46153846,4.948717949
120.9129738,39.74358974,4.948717949
121.5959866,41.02564103,4.948717949
121.6535275,42.30769231,4.948717949
120.7098826,43.58974359,4.948717949
122.2930127,44.87179487,4.948717949
119.9054358,46.15384615,4.948717949
120.8050148,47.43589744,4.948717949
121.2451342,48.71794872,4.948717949
121.3272098,50,4.948717949
134.961255,0,5.08974359
135.847211,1.282051282,5.08974359
135.8421574,2.564102564,5.08974359
134.415625,3.846153846,5.08974359
120.844323,5.128205128,5.08974359
121.2775875,6.41025641,5.08974359
122.1839971,7.692307692,5.08974359
121.806765,8.974358974,5.08974359
122.7911101,10.25641026,5.08974359
120.7730505,11.53846154,5.08974359
122.4308431,12.82051282,5.08974359
122.6022489,14.1025641,5.08974359
121.6068222,15.38461538,5.08974359
121.1891009,16.66666667,5.08974359
120.8370821,17.94871795,5.08974359
121.2605772,19.23076923,5.08974359
122.9307689,20.51282051,5.08974359
122.7081648,21.79487179,5.08974359
122.7146334,23.07692308,5.08974359
120.5155036,24.35897436,5.08974359
122.3156671,25.64102564,5.08974359
121.3565028,26.92307692,5.08974359
121.9388722,28.20512821,5.08974359
120.8581974,29.48717949,5.08974359
121.6935813,30.76923077,5.08974359
121.3575889,32.05128205,5.08974359
120.9667071,33.33333333,5.08974359
122.5619101,34.61538462,5.08974359
121.7045692,35.8974359,5.08974359
121.0727008,37.17948718,5.08974359
123.2287786,38.46153846,5.08974359
121.876524,39.74358974,5.08974359
121.5784891,41.02564103,5.08974359
122.1677882,42.30769231,5.08974359
121.6515385,43.58974359,5.08974359
120.5004389,44.87179487,5.08974359
121.5949517,46.15384615,5.08974359
121.735692,47.43589744,5.08974359
121.0181413,48.71794872,5.08974359
121.6353408,50,5.08974359
134.7844267,0,5.230769231
135.5360566,1.282051282,5.230769231
135.7671478,2.564102564,5.230769231
134.4281595,3.846153846,5.230769231
120.9218231,5.128205128,5.230769231
121.7169137,6.41025641,5.230769231
122.0734321,7.692307692,5.230769231
122.0138918,8.974358974,5.230769231
121.6827998,10.25641026,5.230769231
120.9122937,11.53846154,5.230769231
122.4300144,12.82051282,5.230769231
121.8131986,14.1025641,5.230769231
122.0883263,15.38461538,5.230769231
122.1226019,16.66666667,5.230769231
122.9105826,17.94871795,5.230769231
121.5873543,19.23076923,5.230769231
120.8931791,20.51282051,5.230769231
122.3021432,21.79487179,5.230769231
121.8599086,23.07692308,5.230769231
123.4973031,24.35897436,5.230769231
121.2608391,25.64102564,5.230769231
121.2194749,26.92307692,5.230769231
122.2388767,28.20512821,5.230769231
122.3912552,29.48717949,5.230769231
121.5711638,30.76923077,5.230769231
122.0271954,32.05128205,5.230769231
121.0466358,33.33333333,5.230769231
122.6050918,34.61538462,5.230769231
121.1671568,35.8974359,5.230769231
121.6819576,37.17948718,5.230769231
121.7027536,38.46153846,5.230769231
120.7761996,39.74358974,5.230769231
122.6219361,41.02564103,5.230769231
121.8492494,42.30769231,5.230769231
121.9076032,43.58974359,5.230769231
121.5958578,44.87179487,5.230769231
121.9772511,46.15384615,5.230769231
121.7339679,47.43589744,5.230769231
121.2632035,48.71794872,5.230769231
121.4504948,50,5.230769231
136.3052172,0,5.371794872
135.8524153,1.282051282,5.371794872
134.9403784,2.564102564,5.371794872
134.5104298,3.846153846,5.371794872
122.3080479,5.128205128,5.371794872
120.4864658,6.41025641,5.371794872
121.1795183,7.692307692,5.371794872
119.5475236,8.974358974,5.371794872
122.476777,10.25641026,5.371794872
121.6973877,11.53846154,5.371794872
122.3816061,12.82051282,5.371794872
120.9156726,14.1025641,5.371794872
121.2005077,15.38461538,5.371794872
122.1828882,16.66666667,5.371794872
122.1343688,17.94871795,5.371794872
120.6421147,19.23076923,5.371794872
122.9506755,20.51282051,5.371794872
120.8149733,21.79487179,5.371794872
121.7643227,23.07692308,5.371794872
122.0108853,24.35897436,5.371794872
122.3156908,25.64102564,5.371794872
121.5648876,26.92307692,5.371794872
120.992909,28.20512821,5.371794872
121.4399274,29.48717949,5.371794872
121.3400901,30.76923077,5.371794872
121.3862274,32.05128205,5.371794872
122.6417348,33.33333333,5.371794872
121.4584985,34.61538462,5.371794872
121.7644855,35.8974359,5.371794872
121.9627704,37.17948718,5.371794872
121.914407,38.46153846,5.371794872
121.1711026,39.74358974,5.371794872
121.5993322,41.02564103,5.371794872
121.8357689,42.30769231,5.371794872
121.7438247,43.58974359,5.371794872
122.0999987,44.87179487,5.371794872
121.6142782,46.15384615,5.371794872
122.6148149,47.43589744,5.371794872
123.0257322,48.71794872,5.371794872
121.838078,50,5.371794872
134.903578,0,5.512820513
135.9052862,1.282051282,5.512820513
136.3927359,2.564102564,5.512820513
134.5107668,3.846153846,5.512820513
120.5994318,5.128205128,5.512820513
121.8699202,6.41025641,5.512820513
121.7565213,7.692307692,5.512820513
120.8929888,8.974358974,5.512820513
121.1535739,10.25641026,5.512820513
121.0696118,11.53846154,5.512820513
122.2568092,12.82051282,5.512820513
120.2791168,14.1025641,5.512820513
122.0897158,15.38461538,5.512820513
121.4685177,16.66666667,5.512820513
120.8354055,17.94871795,5.512820513
121.1810317,19.23076923,5.512820513
122.3638954,20.51282051,5.512820513
120.887437,21.79487179,5.512820513
121.1094575,23.07692308,5.512820513
121.6853643,24.35897436,5.512820513
121.7593232,25.64102564,5.512820513
122.3338551,26.92307692,5.512820513
121.4733051,28.20512821,5.512820513
121.9394411,29.48717949,5.512820513
121.5000813,30.76923077,5.512820513
121.9147173,32.05128205,5.512820513
123.2623177,33.33333333,5.512820513
121.3406371,34.61538462,5.512820513
120.0315592,35.8974359,5.512820513
121.3225475,37.17948718,5.512820513
122.212038,38.46153846,5.512820513
122.0113647,39.74358974,5.512820513
122.1743043,41.02564103,5.512820513
121.0635839,42.30769231,5.512820513
121.3881541,43.58974359,5.512820513
120.9008046,44.87179487,5.512820513
122.1497588,46.15384615,5.512820513
121.6727047,47.43589744,5.512820513
121.5343544,48.71794872,5.512820513
122.803511,50,5.512820513
135.103238,0,5.653846154
134.8460675,1.282051282,5.653846154
135.0045735,2.564102564,5.653846154
133.8897852,3.846153846,5.653846154
121.5528397,5.128205128,5.653846154
121.6846475,6.41025641,5.653846154
121.0561538,7.692307692,5.653846154
121.5492736,8.974358974,5.653846154
122.9731135,10.25641026,5.653846154
120.6859681,11.53846154,5.653846154
121.39397,12.82051282,5.653846154
121.7253089,14.1025641,5.653846154
121.2964887,15.38461538,5.653846154
121.1701032,16.66666667,5.653846154
121.3420651,17.94871795,5.653846154
121.5613335,19.23076923,5.653846154
121.8337653,20.51282051,5.653846154
120.7283825,21.79487179,5.653846154
120.7709717,23.07692308,5.653846154
122.2843066,24.35897436,5.653846154
120.41941,25.64102564,5.653846154
121.2996766,26.92307692,5.653846154
121.9763361,28.20512821,5.653846154
122.0661948,29.48717949,5.653846154
120.4179915,30.76923077,5.653846154
121.6226157,32.05128205,5.653846154
121.5631877,33.33333333,5.653846154
121.4157015,34.61538462,5.653846154
121.8523276,35.8974359,5.653846154
120.7545866,37.17948718,5.653846154
122.0701603,38.46153846,5.653846154
121.8110391,39.74358974,5.653846154
121.573939,41.02564103,5.653846154
122.06044,42.30769231,5.653846154
122.2187888,43.58974359,5.653846154
122.2186131,44.87179487,5.653846154
121.5068693,46.15384615,5.653846154
120.8394414,47.43589744,5.653846154
121.2090143,48.71794872,5.653846154
123.360145,50,5.653846154
135.6089827,0,5.794871795
135.7138947,1.282051282,5.794871795
135.6567779,2.564102564,5.794871795
134.2645853,3.846153846,5.794871795
121.2089694,5.128205128,5.794871795
122.4147523,6.41025641,5.794871795
120.9819197,7.692307692,5.794871795
122.2974381,8.974358974,5.794871795
122.7861523,10.25641026,5.794871795
121.4275324,11.53846154,5.794871795
121.593576,12.82051282,5.794871795
120.690029,14.1025641,5.794871795
122.8803254,15.38461538,5.794871795
121.1020561,16.66666667,5.794871795
122.2983784,17.94871795,5.794871795
121.384967,19.23076923,5.794871795
120.7852622,20.51282051,5.794871795
121.5879143,21.79487179,5.794871795
121.39849,23.07692308,5.794871795
121.2853492,24.35897436,5.794871795
121.3952157,25.64102564,5.794871795
122.7213713,26.92307692,5.794871795
120.8021175,28.20512821,5.794871795
122.6213924,29.48717949,5.794871795
121.7278542,30.76923077,5.794871795
121.8746141,32.05128205,5.794871795
121.8917209,33.33333333,5.794871795
121.2037419,34.61538462,5.794871795
120.7468693,35.8974359,5.794871795
122.0473901,37.17948718,5.794871795
120.7064828,38.46153846,5.794871795
121.4262665,39.74358974,5.794871795
122.5756209,41.02564103,5.794871795
122.7061607,42.30769231,5.794871795
122.2702729,43.58974359,5.794871795
122.2956279,44.87179487,5.794871795
121.2491128,46.15384615,5.794871795
122.7374047,47.43589744,5.794871795
121.9823089,48.71794872,5.794871795
121.878277,50,5.794871795
135.6191285,0,5.935897436
135.7841747,1.282051282,5.935897436
135.8596145,2.564102564,5.935897436
134.2570274,3.846153846,5.935897436
121.8283298,5.128205128,5.935897436
121.1825469,6.41025641,5.935897436
121.570192,7.692307692,5.935897436
122.0412694,8.974358974,5.935897436
121.345839,10.25641026,5.935897436
120.8296571,11.53846154,5.935897436
121.8508379,12.82051282,5.935897436
121.9868522,14.1025641,5.935897436
123.3289579,15.38461538,5.935897436
122.2084389,16.66666667,5.935897436
122.3243252,17.94871795,5.935897436
122.3175132,19.23076923,5.935897436
121.5974528,20.51282051,5.935897436
122.217991,21.79487179,5.935897436
122.870139,23.07692308,5.935897436
122.0650932,24.35897436,5.935897436
121.063389,25.64102564,5.935897436
120.7594281,26.92307692,5.935897436
121.7010774,28.20512821,5.935897436
120.5040993,29.48717949,5.935897436
121.3020185,30.76923077,5.935897436
120.4236561,32.05128205,5.935897436
123.0111782,33.33333333,5.935897436
122.0267792,34.61538462,5.935897436
122.1302814,35.8974359,5.935897436
122.1199798,37.17948718,5.935897436
121.168626,38.46153846,5.935897436
121.792832,39.74358974,5.935897436
120.8232303,41.02564103,5.935897436
121.689348,42.30769231,5.935897436
121.6567576,43.58974359,5.935897436
121.2160633,44.87179487,5.935897436
121.8693906,46.15384615,5.935897436
120.8498711,47.43589744,5.935897436
121.8760584,48.71794872,5.935897436
122.8143518,50,5.935897436
135.6661594,0,6.076923077
135.6203065,1.282051282,6.076923077
135.9179299,2.564102564,6.076923077
134.0925847,3.846153846,6.076923077
122.0903655,5.128205128,6.076923077
122.5230635,6.41025641,6.076923077
121.3659337,7.692307692,6.076923077
122.3917331,8.974358974,6.076923077
121.838592,10.25641026,6.076923077
121.6972779,11.53846154,6.076923077
121.764595,12.82051282,6.076923077
121.8184263,14.1025641,6.076923077
122.0626881,15.38461538,6.076923077
121.4178339,16.66666667,6.076923077
122.1328971,17.94871795,6.076923077
119.6107286,19.23076923,6.076923077
121.4619552,20.51282051,6.076923077
121.3635016,21.79487179,6.076923077
120.4511271,23.07692308,6.076923077
120.2206573,24.35897436,6.076923077
122.2982949,25.64102564,6.076923077
121.4072941,26.92307692,6.076923077
122.6694112,28.20512821,6.076923077
121.2926438,29.48717949,6.076923077
121.3275076,30.76923077,6.076923077
121.5731156,32.05128205,6.076923077
120.7089277,33.33333333,6.076923077
123.195557,34.61538462,6.076923077
121.867654,35.8974359,6.076923077
121.5868122,37.17948718,6.076923077
121.3427526,38.46153846,6.076923077
121.6975335,39.74358974,6.076923077
121.4259002,41.02564103,6.076923077
121.5091502,42.30769231,6.076923077
121.1992706,43.58974359,6.076923077
121.1857791,44.87179487,6.076923077
121.8386744,46.15384615,6.076923077
121.2068643,47.43589744,6.076923077
120.7036457,48.71794872,6.076923077
122.6653787,50,6.076923077
136.1860303,0,6.217948718
135.2100838,1.282051282,6.217948718
135.1083975,2.564102564,6.217948718
134.9844295,3.846153846,6.217948718
121.1614784,5.128205128,6.217948718
121.9860803,6.41025641,6.217948718
122.4628037,7.692307692,6.217948718
121.2790158,8.974358974,6.217948718
122.6601206,10.25641026,6.217948718
120.9944196,11.53846154,6.217948718
121.18822,12.82051282,6.217948718
121.6055729,14.1025641,6.217948718
121.9946901,15.38461538,6.217948718
121.4545299,16.66666667,6.217948718
122.6852296,17.94871795,6.217948718
121.7429324,19.23076923,6.217948718
121.5860383,20.51282051,6.217948718
122.9165784,21.79487179,6.217948718
122.0177836,23.07692308,6.217948718
120.7846981,24.35897436,6.217948718
121.5948378,25.64102564,6.217948718
121.4518232,26.92307692,6.217948718
122.4248249,28.20512821,6.217948718
121.7022651,29.48717949,6.217948718
122.4298431,30.76923077,6.217948718
121.2776004,32.05128205,6.217948718
121.8958973,33.33333333,6.217948718
121.9555133,34.61538462,6.217948718
120.8268693,35.8974359,6.217948718
121.8996184,37.17948718,6.217948718
120.8312243,38.46153846,6.217948718
121.2510668,39.74358974,6.217948718
120.4047207,41.02564103,6.217948718
121.344187,42.30769231,6.217948718
120.8572866,43.58974359,6.217948718
120.9082058,44.87179487,6.217948718
120.6342328,46.15384615,6.217948718
121.3293326,47.43589744,6.217948718
123.4778285,48.71794872,6.217948718
120.6614696,50,6.217948718
134.8720055,0,6.358974359
134.9210887,1.282051282,6.358974359
136.326619,2.564102564,6.358974359
134.9347226,3.846153846,6.358974359
122.4800462,5.128205128,6.358974359
122.9766261,6.41025641,6.358974359
122.502437,7.692307692,6.358974359
120.4553755,8.974358974,6.358974359
120.9823407,10.25641026,6.358974359
121.442757,11.53846154,6.358974359
121.0506524,12.82051282,6.358974359
122.0506363,14.1025641,6.358974359
121.6716012,15.38461538,6.358974359
121.4856707,16.66666667,6.358974359
121.4028001,17.94871795,6.358974359
121.6738146,19.23076923,6.358974359
121.1542811,20.51282051,6.358974359
121.7621003,21.79487179,6.358974359
121.7526803,23.07692308,6.358974359
121.837114,24.35897436,6.358974359
121.5541143,25.64102564,6.358974359
121.0878299,26.92307692,6.358974359
121.5776211,28.20512821,6.358974359
121.7803547,29.48717949,6.358974359
121.7964066,30.76923077,6.358974359
121.0511672,32.05128205,6.358974359
121.7320727,33.33333333,6.358974359
122.5108202,34.61538462,6.358974359
120.5514711,35.8974359,6.358974359
121.6582719,37.17948718,6.358974359
122.7940262,38.46153846,6.358974359
120.255273,39.74358974,6.358974359
122.2172695,41.02564103,6.358974359
121.3411599,42.30769231,6.358974359
120.7852282,43.58974359,6.358974359
123.565117,44.87179487,6.358974359
122.3519791,46.15384615,6.358974359
121.6817006,47.43589744,6.358974359
121.3459599,48.71794872,6.358974359
121.6209263,50,6.358974359
136.0011796,0,6.5
135.2341766,1.282051282,6.5
135.1911019,2.564102564,6.5
134.2754726,3.846153846,6.5
122.3017258,5.128205128,6.5
122.2645714,6.41025641,6.5
121.0418266,7.692307692,6.5
121.7057133,8.974358974,6.5
121.4251064,10.25641026,6.5
121.2166786,11.53846154,6.5
120.9877346,12.82051282,6.5
121.1580028,14.1025641,6.5
121.497388,15.38461538,6.5
122.6505639,16.66666667,6.5
121.3963301,17.94871795,6.5
121.9651611,19.23076923,6.5
120.8306953,20.51282051,6.5
122.6392613,21.79487179,6.5
121.5710507,23.07692308,6.5
121.7282286,24.35897436,6.5
121.8476978,25.64102564,6.5
121.2449854,26.92307692,6.5
121.1944386,28.20512821,6.5
122.191435,29.48717949,6.5
121.3708127,30.76923077,6.5
121.7146467,32.05128205,6.5
121.1759199,33.33333333,6.5
121.9479199,34.61538462,6.5
122.0661928,35.8974359,6.5
120.8872163,37.17948718,6.5
121.8010206,38.46153846,6.5
122.0741102,39.74358974,6.5
121.9608505,41.02564103,6.5
121.8660687,42.30769231,6.5
121.8359518,43.58974359,6.5
121.4184567,44.87179487,6.5
121.2746158,46.15384615,6.5
121.4649649,47.43589744,6.5
121.6556157,48.71794872,6.5
122.492537,50,6.5