"","Independent","Dependent"
"1",71.2871878229753,78.053587164121
"2",93.5500461619019,98.320685232665
"3",84.9296688202397,89.8362026972319
"4",82.5730137136656,87.9600202878966
"5",71.8459437739965,75.8230928042282
"6",80.9162386192908,86.8608328136091
"7",88.6423339074592,94.3352226240753
"8",82.272618226349,89.3200413252522
"9",76.3978041183423,82.5518820398621
"10",79.3976619754231,82.6533131166285
"11",94.6592218612358,99.8074757633166
"12",93.6274792990285,99.53358790762
"13",69.7512821074089,73.3349190246976
"14",73.8103355138028,77.6568015746442
"15",81.7473406661062,87.3232501509034
"16",82.6236970441735,87.2883973595204
"17",86.3815434729519,93.1620668532665
"18",79.698177022369,86.3982613593657
"19",94.1045606892593,99.0623630953727
"20",76.3271610439332,80.480873615583
"21",69.8985288237281,73.5874361074039
"22",98.7851227196625,104.260820371252
"23",90.5662181361412,96.963936846213
"24",98.462788157575,104.725522527542
"25",56.4407254652108,60.0469335596572
"26",92.6215872461185,98.2370624047342
"27",95.807212054442,101.113590173268
"28",83.9023679896383,89.804525265305
"29",81.3015230988664,86.7431759314227
"30",80.3706088837697,86.0809181382901
"31",60.108341330534,62.9245368972768
"32",90.3118199107447,95.7055939997056
"33",76.4663031768911,81.3455833901716
"34",78.3287283076134,81.6696167709992
"35",84.2870788520785,90.1193426169181
"36",78.3764616571253,84.0681526768397
"37",94.9880882434393,100.595674483731
"38",73.34652338896,77.5504631382964
"39",64.1114103700461,70.6525733264171
"40",92.048111600887,95.9667351793061
"41",61.9564223720781,64.4840208007006
"42",75.999063829442,79.2790174101009
"43",88.1462551539477,94.4086924427704
"44",80.5945341907366,87.668287891454
"45",70.1668071653389,77.0910625398396
"46",79.0888506969491,84.7954707299105
"47",96.7468912546155,103.252449644886
"48",84.7084102736971,91.5143747495401
"49",82.5104517855665,85.7986254736826
"50",94.3911016635451,100.437011346883
"51",94.1181776116094,100.060478038813
"52",81.3978411152543,87.6854033779122
"53",97.2664714143269,103.650293752186
"54",57.1678971866995,61.4011937320125
"55",87.689210171961,93.3175032764959
"56",73.5688391453473,80.0408908904357
"57",83.3001744121893,88.6923792518629
"58",74.4924573693022,82.5396575546547
"59",76.8460605273435,82.7393415477598
"60",101.722846864132,106.391650105696
"61",101.279629106656,106.697031206286
"62",91.9164016819968,96.7837641901108
"63",82.1884207970095,88.6267291962461
"64",96.8598141208318,100.94831289053
"65",78.5454224555814,83.7553318518426
"66",79.8627287716142,84.790098062655
"67",101.339264148387,106.46047193428
"68",71.7984501107916,77.5782834943545
"69",84.3000541994258,88.762161379581
"70",71.0946484423836,75.7500522096409
"71",65.4217131925605,69.2957811113204
"72",82.9632806499379,89.0972386959357
"73",72.3085000667651,77.546884509898
"74",76.7398882488311,81.0950141966959
"75",93.293905960373,99.5840059149498
"76",89.9098708180328,96.9996542211313
"77",70.3702877476383,75.0335691722667
"78",99.1582730580166,105.538610515634
"79",65.2468706336846,66.7330796548474
"80",64.7683472272669,68.8137429406331
"81",61.3834708421775,65.3667141844185
"82",78.0627413792177,82.7087335495178
"83",78.7273476015131,84.5875724361702
"84",83.0282032951552,91.0426844208291
"85",88.7552320049769,95.4996447861326
"86",78.4567491154023,85.0002897218085
"87",86.9780481899021,91.6200806905441
"88",77.7589666774431,83.1934098370612
"89",68.5442893280286,72.6360211538796
"90",90.7384251256056,95.7722101644423
"91",72.3011355731368,75.8340298088698
"92",85.8395625766974,91.6516381087172
"93",83.454925034841,88.652111145846
"94",58.6554656226874,60.9225656646649
"95",99.0759408471072,104.43778120796
"96",95.2710217610824,100.913831670947
"97",93.9280861421357,98.4761010353205
"98",70.445694260437,76.0905668489939
"99",63.0845222665456,67.8558211054523
"100",69.2100599536438,72.7278082702438
"101",91.3025399513024,98.051432143395
"102",78.1902346054568,83.3053359053209
"103",83.6441704341155,89.7390710407412
"104",67.955461657952,72.9702044992105
"105",72.2486595288267,77.493075787678
"106",73.0538412276824,78.4806224457871
"107",87.0607938379455,93.3517360684066
"108",67.3272120751986,71.5857969492188
"109",66.4770435045104,68.7197091519788
"110",77.5016932471071,80.93771936141
"111",77.8336578662879,83.4553722584156
"112",94.3416721491842,101.066546737598
"113",86.777489497461,93.1065762583571
"114",58.6548781612124,62.0987906942845
"115",90.5783309375368,94.6407911263892
"116",87.9246855484003,94.5687734314224
"117",66.7779779942508,71.3136180210724
"118",66.23299315232,69.8300855237235
"119",93.0001862826271,99.0515166590842
"120",72.7871544440501,78.0308228965624
"121",70.5039225571293,75.5307551079834
"122",64.1293205871502,68.0093514002682
"123",86.6826083898033,91.7239231463251
"124",69.3244160710724,74.147682829562
"125",87.8363899936888,92.3243578934819
"126",86.9805680183663,92.0610536080867
"127",96.7985397741368,102.787079122345
"128",98.624897488024,103.727519934633
"129",87.8394090130106,92.6860155894062
"130",98.7862834854086,103.275431801024
"131",99.2442599638329,102.42417504589
"132",92.8938710821231,99.7396220634933
"133",89.3322672228585,95.029040412152
"134",77.1734959626902,81.1601748909539
"135",57.5240416144041,60.4560372159485
"136",95.014336078677,99.948961069041
"137",73.5474850507288,79.8195371418189
"138",89.3305642678834,94.7481594318365
"139",95.2532312197924,100.667064675942
"140",95.1680165553017,100.73005431302
"141",96.3477824671319,102.033907349907
"142",85.7209259112538,89.8420814429418
"143",77.7822786696643,82.5632425947128
"144",95.239995017293,99.9972254642628
"145",100.480726913598,106.155835404026
"146",84.5498267567785,89.1116525269753
"147",94.8818644627915,100.48089806479
"148",95.4516399998529,101.304517326713
"149",88.0053027689721,94.4189418214156
"150",75.6058925418914,84.0690188522509
"151",98.3148080543986,103.364980329269
"152",82.2228140074855,88.1277387400187
"153",61.1440318123952,64.8869188022088
"154",81.875561673761,86.0082496506795
"155",75.83717561949,80.7454369844059
"156",83.7278447533039,90.3734743302034
"157",88.5692231677577,95.5015489603455
"158",91.8465591425285,97.7307979213741
"159",91.7263078233879,97.3561466913451
"160",76.1530712351981,80.9468203505304
"161",79.8819751353384,86.5159764740952
"162",83.8442652275394,89.1462597956589
"163",66.2051502253703,70.1600927776017
"164",81.2816463296477,88.5017151415476
"165",92.7309775373653,96.1059622745359
"166",72.3105365751149,76.673406495551
"167",62.5013775625143,66.3238487943732
"168",87.4277200877948,93.776998437232
"169",77.7160997469079,83.6760668849402
"170",94.0173709567935,98.1394497407226
"171",84.6827631432708,91.9442326094565
"172",76.4290808631741,82.2337144738563
"173",73.9549962159466,78.3024315271344
"174",80.1814366829662,85.6149376181284
"175",75.4740078454606,80.2277977475426
"176",81.6321871391988,87.2860108207546
"177",64.9082626317664,70.5347115787003
"178",92.8086740205222,98.575092312076
"179",96.5288330069277,103.492069285617
"180",82.9324863595362,89.4870032783015
"181",88.618873752368,93.4678825757817
"182",79.0391984844893,84.3326328605092
"183",59.1250061791612,62.6361237640246
"184",75.2269606697358,80.6639500438608
"185",66.4037179971901,69.8787936348033
"186",85.9100035881757,90.0328628808201
"187",82.0868630371554,85.4957996172818
"188",74.4317494379452,80.5670627163927
"189",101.592465745788,107.649666121857
"190",75.8604028723552,79.8121694654328
"191",84.3526562195902,90.7580203436848
"192",77.1358155914059,82.647930903495
"193",78.631238256886,83.9260640791843
"194",78.5153005037275,84.8546734144022
"195",69.5082599822429,76.0897865478183
"196",89.7239720101838,96.1593522227663
"197",91.3706348803602,94.922279151876
"198",82.3920606638776,87.2612146440833
"199",89.8873586547906,95.5855432966717
"200",86.0455309175454,90.6146185129954
"201",59.5041129202721,62.0900573424618
"202",93.5047800955745,99.5396282060065
"203",75.3630310751322,81.5561962438442
"204",77.4567015238871,83.8420371999798
"205",79.439981290517,85.7375957443859
"206",67.3396664841253,72.2701227092029
"207",95.0230343727563,100.433453492365
"208",76.6507553818153,82.0222461515938
"209",88.1165687054243,94.380390392459
"210",58.9955153730261,60.7390424262846
"211",87.5072467420957,93.5255135268149
"212",74.9933712759085,77.9854022988997
"213",70.2922732826351,74.3928075772251
"214",90.0539157358146,95.4400830612596
"215",94.0379785669697,99.0868286902342
"216",91.9358344523805,97.8612829396008
"217",68.263421059844,72.2115919306365
"218",64.6731293477591,69.251006325426
"219",63.1301574725649,68.6662478315089
"220",68.6820025432177,74.3645513908149
"221",70.3867958004395,73.4760471913634
"222",75.3351402246816,80.4845779856773
"223",69.1468312242125,73.3092815067977
"224",72.2909003899707,76.6689693741885
"225",100.278456341023,105.500298811081
"226",56.9972820258786,59.5177617550369
"227",81.1939590712153,86.1848089836507
"228",78.9811316993038,84.6879619697836
"229",70.0291179039661,74.9387120015138
"230",84.3445479923335,90.3105610041003
"231",81.2491278877859,88.0147147365407
"232",77.6819070375168,83.4473672682119
"233",67.8568997420504,72.6075874014514
"234",83.8080775925384,88.119256380559
"235",62.6131702300213,67.9025083718664
"236",66.6258505398219,69.4827786507847
"237",55.6455645343639,57.0185625573597
"238",72.331373383254,76.3538925491236
"239",68.2043525702018,72.3618044540458
"240",98.6657434534967,103.755278003766
"241",58.303422041603,61.9799007485484
"242",63.2508394051359,66.8021617659844
"243",101.065956012045,106.26354788355
"244",67.0170673685025,72.7259617128656
"245",55.9333371559971,58.4144058394754
"246",72.2356913906949,74.5856531953615
"247",69.655756140216,72.7760500719258
"248",95.2688011514527,101.497609673355
"249",86.363812788194,92.3932177189798
"250",60.8677218508591,65.4123779348608
"251",99.7481561468281,104.995473183372
"252",80.8559251614284,86.3221557613631
"253",75.1643740347474,82.0994555595377
"254",75.801903405221,79.2733499117133
"255",72.4272219611677,75.951343459527
"256",83.7208633071613,90.4973455756502
"257",72.7168162902057,78.7286430531502
"258",94.8495310244138,100.785296684393
"259",70.0387151732049,73.5453911183563
"260",79.6391074953765,85.9267293893486
"261",88.785354261786,94.7353182994987
"262",58.1877273653369,60.3727927807196
"263",86.4791044734194,92.853452492992
"264",79.6323164041187,85.1784185686737
"265",78.7538441504312,84.7279665485547
"266",73.1742817347859,79.0198818288531
"267",77.0463211632456,81.5111879054275
"268",82.6037670563741,88.3594735626842
"269",63.9326871798767,68.7204401853101
"270",77.3710890231934,82.0663822712003
"271",90.6840571238325,95.5242155456116
"272",57.600661266486,61.7352446448087
"273",96.3597165413558,101.31508846243
"274",68.7167108060017,74.7912734967202
"275",88.2563955385921,93.8895417789397
"276",90.070956530269,97.5919254799925
"277",83.0311050321139,86.7924753963516
"278",85.4302381323495,90.4685289630622
"279",66.1793949224809,69.6600221613242
"280",88.6905938953097,94.3852208833209
"281",94.1046131084244,100.058605134062
"282",77.4991992687132,84.9373522688477
"283",62.5916309979642,67.9465428240289
"284",99.8423380889458,104.302433365852
"285",91.311161636825,96.6012792671353
"286",74.5811204904379,79.0855681167658
"287",66.3226923556664,71.1583903245945
"288",91.6201628477172,97.0427549440093
"289",79.4042352768767,86.2536167405335
"290",98.286596008334,103.552766912292
"291",59.4499504560648,62.1202686257648
"292",66.6822230336508,72.3728529615965
"293",69.6381240988206,74.4239988755668
"294",69.4740169803564,72.7313261662702
"295",70.0577922371272,75.9076717538741
"296",69.5271395700416,74.2161908472596
"297",89.5843582497023,95.9131506084397
"298",96.9779567990771,101.152955046744
"299",70.8628937990869,75.0650335424964
"300",91.5358029690327,96.7689362986385
"301",67.7986908695591,72.1997330197773
"302",90.2417291416249,98.0176400206524
"303",61.9555444411588,66.3433771947641
"304",86.7979142236895,92.9112825153091
"305",71.1983193340237,74.410111397908
"306",60.7336674006872,63.8694935807078
"307",71.0199937729253,76.1457174464791
"308",70.7146434289093,75.81507419869
"309",67.5814674851351,71.0121382001176
"310",79.5157525784648,85.4166498555636
"311",96.0823529579623,101.179775763802
"312",88.6905728758897,93.9264814736043
"313",74.380009107991,77.5399821598599
"314",84.907360430628,88.886684328034
"315",90.3775250635118,93.8592161425079
"316",87.5641114587505,93.2860868487453
"317",54.5313527627269,56.8236799056103
"318",67.7445877323803,74.6626426860635
"319",82.117654168409,88.8340973167147
"320",93.3695810947837,97.4440721872589
"321",69.3016515030338,73.4672066197898
"322",86.8561612566653,91.2414532026259
"323",65.8857223840221,71.060341849512
"324",96.359327334728,101.849671079394
"325",90.8477090568953,96.6268364754993
"326",95.9455287083331,102.300265961729
"327",68.8569344088925,72.8613380447395
"328",95.5275422751214,101.50849394916
"329",86.8100968318704,91.702928361983
"330",92.8395167086921,98.6051542268879
"331",75.5368928320024,79.5717839061598
"332",93.1456480513386,98.1821629980284
"333",94.7020313039468,100.388571379042
"334",87.0071064173278,93.2445900803533
"335",86.4118149914297,90.3452058768965
"336",72.7888497006369,75.8894931991781
"337",96.8020245217479,100.899942496798
"338",64.5949661458271,68.9481793506923
"339",90.9241935453508,96.473575568702
"340",74.9638282048703,79.9082508519931
"341",66.2719482921041,69.4625295581959
"342",82.9441662716149,84.88452745002
"343",91.505846817681,98.1591279145234
"344",68.7955767084902,74.8466381554739
"345",81.3154915201466,84.9720367480135
"346",79.3401529031207,83.2871711987192
"347",69.5873738791155,74.1131036973709
"348",75.2826656411701,81.0332595110358
"349",98.697331954625,102.906753165661
"350",83.6585133196604,89.7649034352636
"351",80.1224185246733,86.7314296609995
"352",75.4759960291345,79.5560268067822
"353",90.4290199367893,95.866130613869
"354",79.6451768309197,84.9242329359458
"355",68.2174536058179,73.1024164173736
"356",71.9717500094136,76.759067916321
"357",83.484949934487,89.5077314529679
"358",87.2857039482699,92.1339516247528
"359",62.8557898040248,67.7101900028846
"360",73.3565227885838,78.4100630761636
"361",99.4078228475868,104.171372405902
"362",70.1901839876176,73.9973852020996
"363",82.9160211512784,88.5484162229848
"364",95.5885853921209,101.797322933695
"365",71.4949049164812,76.2237292159324
"366",86.0010153830364,91.7125407381472
"367",98.1775178201463,104.04322887354
"368",84.5683328421308,88.986442160578
"369",75.6401326746737,78.9707333366774
"370",79.1072793976179,84.4678921026612
"371",92.3572730990254,98.9113816539462
"372",73.8830375051191,78.6495549411662
"373",81.0581543468115,87.6976452654875
"374",72.8264358809726,77.3807838468937
"375",65.4537554980045,69.822297487562
"376",67.8800984211882,70.6227313484915
"377",96.0579289800799,101.400738215846
"378",88.4336886640923,93.5664929247309
"379",72.8755520219559,79.4502242909717
"380",76.7630134623852,81.2248507825989
"381",85.3922050496117,90.8289370588413
"382",77.1103995684744,80.8640253092018
"383",70.3644293353709,74.2293030952289
"384",70.0347394434564,73.9306822415654
"385",82.0682580108468,88.6554106991657
"386",56.4977461537801,58.1235855949479
"387",70.0157362404507,75.5599678242564
"388",102.086553472887,107.695360053342
"389",85.4008954226155,91.9682754080208
"390",82.353706083903,88.2962016322852
"391",81.9986151990144,87.5985153844527
"392",73.1397744575717,77.5585073195181
"393",63.2179418398384,68.6825720883053
"394",93.8419659585392,99.2087203280318
"395",100.834161735888,105.648197411574
"396",88.1781727814662,93.588361993141
"397",63.7217638330684,67.8979547303511
"398",84.683584350561,90.1586796431103
"399",82.7320614682861,90.0661082630389
"400",83.4970691957107,89.0032093285885
"401",71.4933280913496,74.4389000942197
"402",76.4990296838758,80.3644244646131
"403",72.7127752758366,75.1312622567891
"404",68.9230153354862,75.392177738933
"405",83.5485886956331,89.775531067578
"406",96.3429861856256,102.760494751724
"407",65.8469582728467,71.128102349306
"408",73.7145396457414,79.3909604558424
"409",90.4711118382014,96.0838048103767
"410",98.4146009911268,103.849485929412
"411",89.2663963991309,95.8999613284374
"412",79.7778752222411,85.6538936372614
"413",69.1524443273203,73.1439747170032
"414",90.0961892281641,97.0944525830742
"415",81.6412994682694,85.2548520547087
"416",85.138041878036,91.3906609444918
"417",92.085929434635,98.0197505241453
"418",84.8232978546521,89.7727983155705
"419",91.918546245682,96.9664733302493
"420",78.291509653316,83.8842976216461
"421",77.4143974922659,84.3260862311521
"422",68.9792473471842,71.7761651404864
"423",98.465390866263,104.085838794193
"424",87.25393369929,93.9084132397838
"425",96.5081161787834,100.172241359497
"426",60.9812258826413,65.4125186028447
"427",80.7615386482434,85.4497701389061
"428",75.8083177728381,82.6002149746609
"429",95.3801798475665,101.897236851861
"430",82.4109129574568,88.0562514625083
"431",74.6375576110489,79.6339097469293
"432",72.0836964259117,77.691306270293
"433",95.5466125396569,100.440564255044
"434",90.2674297607474,95.1111264427134
"435",55.0919836714011,57.6507756576973
"436",60.7100805127717,64.7631128315448
"437",78.8728453746504,80.795145728394
"438",64.6351735773266,69.913901183099
"439",99.0301503678012,104.260734810562
"440",84.9793789794751,89.6564116011261
"441",53.4854749433542,55.2479828869082
"442",75.4793183001602,78.9529320629492
"443",64.4058553232086,67.9734044393785
"444",91.0422472472694,98.3456619495083
"445",58.653049670162,61.7896471803689
"446",72.0358129960668,75.8227893738541
"447",95.0241312523236,99.1567375141196
"448",80.775099676257,86.4207574798182
"449",65.7238667284143,71.1912944958682
"450",86.3689954664465,92.4209447153633
"451",65.6777521943312,72.0762778563528
"452",74.794115291613,79.8652571500183
"453",86.9397618266506,92.370725568784
"454",58.1202474415129,60.5698315737504
"455",92.8732420938442,99.0246402266567
"456",73.8152403042388,79.0100847395574
"457",83.7454532328274,88.8360215835127
"458",79.2345662268136,85.9632762025559
"459",95.9928313616762,103.055424931452
"460",84.6626955463188,93.6463119915484
"461",100.81318098856,107.74631759566
"462",96.6007842303483,103.855824464528
"463",89.123073787663,96.8269549324766
"464",82.7551854834513,85.8001071887128
"465",95.4732718413926,102.099863619542
"466",86.5425189932683,94.9972142957393
"467",96.0051363904425,102.041927443799
"468",100.858048165387,108.38156054035
"469",89.287577777071,96.6889551966621
"470",75.508330314285,84.9372204960525
"471",56.8525895598332,61.9722197347571
"472",90.3070841491487,97.3883640574323
"473",65.6642146751428,69.7522048794995
"474",68.3098712308578,75.0820468138584
"475",91.18995300156,98.7954549107193
"476",74.5165886044935,83.4975279359989
"477",90.6380974281937,98.037680250193
"478",97.6307181721654,105.350316706443
"479",96.925327745532,102.883688227523
"480",98.9978297794793,106.742560036526
"481",69.0437536098908,73.1620899669605
"482",96.2695229106774,101.256155741707
"483",80.7995621984971,86.4279738341835
"484",94.7869256513718,101.5278071666
"485",64.0831191661282,66.7601253215746
"486",68.6732968679423,75.4623272074234
"487",64.6069508168837,69.6276996697428
"488",57.2068058350001,61.594454309594
"489",91.9041127483585,97.0459498452819
"490",91.6630354743672,98.3469705692585
"491",97.4104485876692,103.714007788943
"492",98.4955536898244,105.006310343561
"493",92.7787624170138,98.3297517970825
"494",98.5780759657467,104.996427566553
"495",57.916636222788,61.5483567171662
"496",82.8253848311693,88.7806751513933
"497",59.2334560075621,62.391325180611
"498",95.4130544601691,102.81519113599
"499",94.8624729594657,101.253071657608
"500",86.2420104742132,94.220691241162
"501",94.4270192330462,103.971437625933
"502",80.7887290794625,88.7422007034702
"503",98.4915975201594,104.704132744094
"504",86.3182015232802,91.1523813363812
"505",80.6246305108594,88.5405821642581
"506",92.3908339614093,100.003595368161
"507",81.8086135758702,88.3522219967252
"508",92.7807031601385,101.501767359293
"509",93.7228321717823,99.0185721240168
"510",84.6664607799475,90.9053218732535
"511",72.366732059712,80.0736595971825
"512",98.055943419786,104.235890652784
"513",99.4643485468384,104.628397089286
"514",84.7061357528757,93.6232772077927
"515",94.8640562016388,101.716492285347
"516",88.5449667499737,95.6163298888877
"517",82.8780184503137,92.5344061328751
"518",97.1219760762111,102.683856172616
"519",94.2400155112927,101.733425259057
"520",89.9800806685496,96.9485203205222
"521",97.317590608946,103.861817218833
"522",96.6028161573915,103.046724179656
"523",100.371757253838,107.572266987257
"524",95.8394167806732,103.42632666121
"525",92.2439811084789,98.3361312719214
"526",92.7644948450166,100.323233430545
"527",60.7380996744722,65.9826057856796
"528",62.4147881133282,67.2795574117009
"529",89.0924533193542,98.0427933901493
"530",97.4506664084724,105.401192637217
"531",100.03045205609,106.592416493845
"532",94.0031069533888,101.604337788707
"533",62.2034511480386,66.9414671379163
"534",94.212137732133,101.140124330953
"535",83.935194266982,92.320111678408
"536",89.7557405044045,97.5767397253627
"537",85.1331839680816,90.9599134443587
"538",65.8646971747201,72.4357835557823
"539",98.3990687361982,107.06483189191
"540",77.6203932663982,84.920672827405
"541",59.1514114516493,63.1687240314106
"542",98.4537320196357,106.091778976013
"543",88.6416342056833,95.1920432681698
"544",93.654777818853,100.980212237456
"545",61.1001560848364,67.2682341414546
"546",88.8131168597431,96.7213379545562
"547",90.092586218754,98.6974979139269
"548",93.8326909270841,100.634020598179
"549",76.8956339540824,84.5734648949721
"550",90.3253277043508,98.3956323224402
"551",82.129769498791,88.6476228166045
"552",94.649205095601,101.420862444614
"553",59.325309038228,64.3124020393752
"554",62.0644325474847,66.8460284936051
"555",99.167600564872,105.220364725759
"556",56.8669928427558,61.1394709504872
"557",96.4877941068045,103.877467997911
"558",58.6784170277374,62.7578330364152
"559",55.6578092666895,59.2397835233627
"560",97.5264284126317,102.674853990111
"561",70.6937733911848,76.3718541960747
"562",93.5233066693917,99.4525081944884
"563",90.9016677692338,98.6611060339382
"564",98.9145908763574,105.884698566
"565",80.218380157969,88.1883541518774
"566",88.5646709729022,94.1613698628899
"567",98.309030271331,103.859963777584
"568",99.9010485164532,105.889238191828
"569",101.754671848847,108.386086469838
"570",92.4282079026971,97.9762622830498
"571",86.9043977546128,94.2331206738396
"572",58.3973107103836,63.5660045202623
"573",84.4008368686055,92.8279148805308
"574",79.0811711812961,86.3906931428579
"575",65.5995206739823,71.9252087008681
"576",86.3656360057526,95.3189053460119
"577",100.955535457031,108.403573719561
"578",91.6949875352334,98.13020699091
"579",97.3715137249929,105.334163448197
"580",99.9970028154332,105.265891936869
"581",87.8335576761525,94.9967672696943
"582",82.5071924842995,89.7714384880952
"583",99.0654697686319,105.377522000584
"584",79.2474444600241,86.5834740744619
"585",82.626607767624,88.578516202414
"586",96.5191811959215,104.348196041818
"587",90.624288830766,98.9415291284616
"588",64.0349451218041,70.6368059272408
"589",84.9339456286739,92.6222483585401
"590",99.38487877221,105.051535690954
"591",76.4422235361003,84.8113897699276
"592",93.1436071847288,98.8932612822306
"593",100.746341988133,106.839248368086
"594",84.9037989130578,93.5332717464248
"595",64.5870753434307,69.8220566348817
"596",92.1856295906663,100.716132331755
"597",92.1965780281903,100.185651773728
"598",62.4830891941016,67.5588972188501
"599",84.9880345893317,92.2912729897918
"600",84.285457583247,91.730266880317
"601",59.0171460155665,63.5788481161338
"602",101.340859767297,108.364887182744
"603",102.223815757841,109.213335664863
"604",95.1365771860415,102.515704297648
"605",102.594793043561,108.85421731933
"606",72.2510133182949,78.6340349734782
"607",100.484350937387,106.443957711215
"608",80.1343146517294,88.062652029582
"609",59.3969393986532,64.0403145254078
"610",62.4990532366031,67.1906179853876
"611",71.0174485117168,79.1374335737847
"612",78.0878214170966,83.7064135520417
"613",60.1193698907308,62.6303114811816
"614",97.7228273748242,103.483597484489
"615",65.907743165989,71.5048688533958
"616",101.639983651535,107.984097636625
"617",79.0085675461154,85.9304377203893
"618",92.0227239369534,97.8317550871966
"619",98.7144128597896,104.531976223297
"620",81.2990266748743,89.3447593529092
"621",93.3237839827843,100.065220408868
"622",82.5906869030092,90.5215347914568
"623",85.7214140510454,91.680412856361
"624",94.8999638803273,101.331397549824
"625",92.6972060496967,101.419249638799
"626",100.62833585863,107.248986029682
"627",82.845848989959,91.7296712588142
"628",59.6413028743936,63.9681428180457
"629",61.6423749454407,67.3834231668295
"630",62.3396931933141,67.4924150638346
"631",98.5344732980041,107.147008837853
"632",100.374233687792,107.241339160562
"633",89.9000565500216,97.6177434699501
"634",78.6739758561321,85.1827433042005
"635",59.4297579973309,64.3743487524544
"636",95.9998107996381,101.194782927617
"637",99.9547528087673,105.631741261522
"638",88.3175679824601,94.845712766532
"639",98.5906041203193,104.232046501324
"640",80.7952691191511,88.4793289946852
"641",99.820552215054,106.530533092085
"642",82.6529389574831,91.5383430199682
"643",76.6079608905168,83.1980446308805
"644",75.322427669877,80.4289240156104
"645",84.922736154627,91.8249310631573
"646",59.1445387437047,63.3461181280294
"647",77.8702451040875,84.0467409435532
"648",88.559639810129,96.556155655514
"649",59.6761709961303,64.4221766534325
"650",99.2155727877753,104.986059037208
"651",86.2821254676118,93.8136802575611
"652",92.1380123701017,98.7705718763188
"653",82.2473594758551,90.4628722142629
"654",85.9907973407703,94.0776020771655
"655",73.0143990394496,79.3763772332289
"656",96.3637215441366,102.688505845127
"657",99.4375077649549,105.183163577577
"658",95.4449173679437,101.935613290558
"659",99.875784511197,105.556107488643
"660",55.1516341785558,58.0370198536077
"661",88.1336800864078,94.2520135289329
"662",82.1074632428701,87.7564762986449
"663",82.2801650311179,89.939041038777
"664",80.7372413389122,87.4370675406791
"665",95.1769589353639,102.485758256781
"666",73.8481363775499,81.2299741168601
"667",89.8349626099881,97.1996243810343
"668",97.9172252619656,103.912492146063
"669",90.1393135279755,97.1742869855276
"670",85.2926461531112,94.2023204583214
"671",73.0667656867568,80.3056732186706
"672",55.5478631557589,59.1732643733845
"673",55.7065978935419,60.7934495553095
"674",81.0393403360592,89.7848628466913
"675",84.8310134044133,92.8742582649477
"676",76.1208739839702,82.4515898263383
"677",65.3225476610728,72.0404400418827
"678",68.0142516058948,72.9591393624432
"679",96.0765171424091,103.50472683588
"680",76.2940771388255,83.7260093177707
"681",98.1599803130698,105.205737884925
"682",81.5859215860896,89.313339802301
"683",86.4298270153712,94.4656429105588
"684",58.4455377692698,63.5162866855024
"685",64.1504895141713,67.4705805654719
"686",88.1239195662512,95.5694777321551
"687",94.8543251485898,101.828805391584
"688",99.5894852151052,105.112336182188
"689",79.1709653121196,87.1978227321438
"690",63.1113210634765,68.4439224244377
"691",98.1171449190366,106.247624175422
"692",93.0649158247033,100.67845845697
"693",89.8898712525492,98.1429463731368
"694",59.3403114373276,62.9175158574558
"695",57.163340463478,62.429519787899
"696",80.5942368939329,86.812844202798
"697",81.7462642852773,91.5263000594027
"698",80.1732629920328,88.9222806354869
"699",58.508418449173,63.7365698630241
"700",96.5934438346428,102.247269979687
"701",85.1384007716413,93.4947623844884
"702",57.2222664041892,60.4820012526954
"703",72.284555827713,77.6493035736989
"704",59.5232033487686,65.1308538360565
"705",82.2015568945481,91.1017968110505
"706",98.3050390826484,106.277712855512
"707",71.1145325645719,77.8490202742672
"708",74.7917562812455,84.009022815002
"709",71.624401479218,78.028190982303
"710",90.352087356504,99.304683013826
"711",75.1937194716984,80.8641714056303
"712",94.0112505965125,102.405600038173
"713",95.8352600894678,103.804331105164
"714",58.9289344332184,64.093218498424
"715",67.3872976217975,74.3129764287919
"716",79.1313175722096,87.9008775239778
"717",89.3092608861498,95.3108824566812
"718",89.730106975536,97.1044052751098
"719",69.0737796621614,75.1232547933884
"720",77.5860260586426,86.9001499734473
"721",63.4791138488778,69.9813803671909
"722",77.6226761567177,83.1378571294289
"723",74.2898038412208,83.7900638515797
"724",97.529112219011,104.191265226816
"725",95.4271579130272,103.311645460677
"726",79.956752635184,84.5498432357536
"727",81.2614581232585,90.2559392069999
"728",100.452607969547,105.543000341879
"729",99.3227283286983,104.668272356911
"730",87.2333178866429,94.9225738639591
"731",89.4870043249963,97.8255624643886
"732",88.035292209102,95.2157272317918
"733",72.797335937366,81.2444944602377
"734",97.0356294275003,102.329676020577
"735",90.4265439227442,96.1265024322762
"736",99.0161770561401,103.711314485649
"737",92.0053499359108,100.253956847815
"738",74.6747919853492,80.4670758984181
"739",89.6609596622966,97.795958959791
"740",97.9697423199061,104.092231907521
"741",76.2152110059724,81.8292093393342
"742",93.8903976478148,98.344229470596
"743",90.8106362863365,97.2112420128977
"744",93.9147486839871,98.7215614146738
"745",92.9209604844396,97.7166909873924
"746",98.3341189012827,104.235940951379
"747",81.599241550218,87.5695089793495
"748",85.5689477008861,91.2918582766133
"749",88.2594212159916,93.9217920704525
"750",81.6340397618039,86.1310945026971
"751",77.8411834644941,80.6786609704538
"752",73.140550749319,78.1702615859596
"753",91.0087309667309,94.3989475362256
"754",74.4108885712025,78.7000410406625
"755",88.0420877196735,90.9006115741841
"756",98.693129694867,103.963224301587
"757",96.7104982956231,101.912825745588
"758",88.3421959359798,95.6718914984339
"759",87.8444059898771,91.8136673623545
"760",83.914390073904,88.4379927287847
"761",85.783114131027,93.8155153624665
"762",98.7992044247996,102.732214656728
"763",92.5316685671512,97.6904304674742
"764",59.8890534007435,63.0279035643363
"765",97.1750517020289,102.034823486179
"766",86.3327577291675,92.3254300727903
"767",89.6172773607591,96.1429347003704
"768",97.5703207950702,103.437806762012
"769",60.913666444895,62.7836993302086
"770",81.5555556474876,83.9168872298018
"771",83.8546527262191,88.7878404656784
"772",78.4979294535294,84.3318357227337
"773",98.3253777400505,104.270883820876
"774",97.6808362019614,100.722727502785
"775",88.9833606676388,93.6817960104728
"776",89.6885451702352,95.1822519039485
"777",87.313518919294,92.416047961026
"778",92.424746063886,97.7985058893992
"779",78.1339063865858,83.0639702563941
"780",84.3190941274521,87.8219137407226
"781",86.1460872973669,90.9902294645788
"782",77.9134928020833,84.7924754639875
"783",81.1408176772942,85.1083812817137
"784",73.9906120256132,77.0261197740734
"785",97.4955657677381,102.102667504822
"786",74.475273484411,77.1658847614393
"787",73.3906449096566,75.9557365903824
"788",93.6172152318513,99.6698683106406
"789",80.5673477753551,85.5830946005876
"790",88.2463488127207,93.7648243009262
"791",75.2825115040787,83.535917456326
"792",95.8844235633932,99.4736167325096
"793",91.0134601351888,96.9386532907518
"794",87.887988256107,94.6937314278789
"795",92.4406855202557,97.2842127059399
"796",91.2048300302427,95.763355502845
"797",73.1813695447112,80.2413143068888
"798",80.0111107172647,84.7253617267429
"799",98.2588077539038,103.144171508668
"800",92.400244463839,96.6541524074275
"801",82.90593722136,87.6980144227271
"802",87.7317896215731,92.8400152412595
"803",81.4403067057548,87.6049944249941
"804",86.6166281868711,93.6591254662703
"805",93.9328044357068,98.0672704190668
"806",77.5602763890986,83.4572025467992
"807",94.0608858927668,99.5164261615217
"808",87.6366475877447,92.3097626037716
"809",74.7448798860519,82.6827423249994
"810",73.6681090226588,77.0199372155085
"811",92.5434325992929,97.5337073797144
"812",97.145721112204,102.819377908779
"813",57.0626008689432,58.6856609905782
"814",84.7872535680033,89.9164928640834
"815",70.5440289818389,75.879876146925
"816",60.5124819908969,62.8179448075169
"817",84.837767255462,90.4244855449348
"818",84.9087044312572,90.6625455859838
"819",79.7665145735375,86.3177676432435
"820",81.7519060175141,87.3315310604003
"821",67.8901247311079,70.2571069472139
"822",92.4167914101954,96.6787145189479
"823",95.4512047675706,102.193598116514
"824",90.0142791000249,96.127670180468
"825",97.2021056372714,101.43354066503
"826",92.0846746686712,99.2457129582584
"827",89.9057233648275,95.4449261946169
"828",85.0974346085606,90.5584981290911
"829",78.7876679813471,83.4708445696659
"830",76.3551839402558,79.3015538163661
"831",65.6545230250883,68.6655414263855
"832",69.1026788154978,73.4818738264968
"833",101.342068912085,105.477017872244
"834",101.758803597128,106.994905524367
"835",79.3571923822184,85.5523743265573
"836",75.295098940852,83.0406218260542
"837",99.2183799780112,102.571419743029
"838",85.9438305184718,91.4690006488128
"839",97.6421742470848,103.901863567378
"840",68.3565094108794,71.7035327520629
"841",99.5809073758633,103.837347644015
"842",89.0579712264825,94.0791101400783
"843",93.5006874067312,98.9498016518748
"844",87.4726618107078,92.2068254198659
"845",103.24889288429,107.33219779957
"846",89.5138056793945,95.1689540355432
"847",87.6336088130728,92.7635263857697
"848",61.4284603833863,63.3920040500848
"849",85.3897207395771,91.4632708892324
"850",95.8387113786655,99.2638385388856
"851",96.9195961001292,102.152540021312
"852",100.923848304644,104.544334649144
"853",98.6990804068669,102.39212837017
"854",58.5303288543099,59.103260178394
"855",61.4355402537878,64.6628000509879
"856",88.990010158345,95.2940694185523
"857",84.4368058464587,90.3976786125495
"858",85.4397655009196,90.8775081059998
"859",92.8908426713253,96.7487606996244
"860",89.5063400890939,94.179950634105
"861",89.7487394489615,95.7536313152579
"862",84.2342372210144,88.7630309660982
"863",77.268332800253,82.5242691637989
"864",89.0215029096879,95.9644221587014
"865",81.3863227865912,86.3905293334031
"866",75.9277279030422,80.1276163431028
"867",80.4492086652718,85.562538900632
"868",91.4107673265345,96.5679945835189
"869",87.1116025690004,92.4594713667908
"870",83.2655039591084,87.3215848049509
"871",83.5653440203462,88.1665360454033
"872",96.3607113072708,102.199521297975
"873",89.0667878826491,95.5583212873829
"874",63.7701147260409,64.9291752810228
"875",97.2848595057703,102.357545859917
"876",66.8256584032703,70.5804259798387
"877",95.4004478719875,99.8176547056069
"878",82.3833448103635,88.6859901437707
"879",81.500866249499,85.6300175450945
"880",87.6879581586902,93.2315278927913
"881",101.373509500273,105.391217871161
"882",84.9876680215556,89.157299279122
"883",90.932816023032,95.4085731455445
"884",86.081249781159,90.8060121497588
"885",92.0594842894568,97.5018840863598
"886",96.1022739805547,100.752204715054
"887",77.6147471817043,81.5841235181467
"888",93.656117668846,98.7322490320255
"889",90.7387437304874,93.8888672244148
"890",71.3921350470207,76.9968210484426
"891",77.8076139620043,84.4065655632181
"892",80.2790051324654,85.5456217230721
"893",77.4362378357254,80.1498565119305
"894",91.2427436142451,96.0162608985514
"895",95.9448573375656,99.425981381116
"896",83.8727690976721,89.1362367975624
"897",80.0378436195893,85.2845451841423
"898",69.2152824581384,72.1917277253082
"899",85.813598064716,90.1570915799133
"900",90.0562887081721,96.0150376451927
"901",90.2731480240976,94.0004851480452
"902",78.1176675532068,83.7769904666011
"903",82.6006855476989,87.2214803619914
"904",96.7201837563469,100.625568065299
"905",98.4586602809484,103.03662293652
"906",72.9567621433706,76.024307309252
"907",91.7201042678717,96.6824918513643
"908",100.697598188645,104.51634879066
"909",98.0720610525588,103.42819776095
"910",56.4901530385466,57.8147343426675
"911",69.7829008463957,72.5856966846209
"912",64.7011748335444,67.667153254256
"913",65.7836393179908,68.9526757774788
"914",91.4732679137624,95.4396985638738
"915",71.7128987963332,75.1766132331502
"916",90.194478694126,94.7565423164071
"917",91.3276769142111,96.3421250361956
"918",81.6169623336309,86.7970993538432
"919",85.745380598618,92.089833425522
"920",78.4879394440515,82.2503337208315
"921",76.8185316844919,81.8949722080919
"922",77.0806552641445,81.1655502310772
"923",89.9246162553222,94.495254583934
"924",56.8142942127088,57.7627713787875
"925",58.8084777004315,59.8284611769957
"926",65.0533803306646,68.4067989339753
"927",95.6727060165089,99.4284585654788
"928",70.8874094701569,76.606223972564
"929",96.695464910161,100.097268934736
"930",105.209837907347,109.547170984908
"931",86.7702730193244,92.7749812869679
"932",93.933216112049,98.2845416594984
"933",91.6722883016333,96.0419682904908
"934",87.8887730942229,94.1332200291297
"935",60.9251976424825,63.4957306093059
"936",71.75626714163,72.3480944973846
"937",93.0400988726143,96.9398408670107
"938",92.6758877526421,98.6709187080024
"939",82.9710173159832,87.070355695931
"940",63.0976913954357,64.5046881416796
"941",75.6651226717185,77.5117396307179
"942",96.3548157541735,100.515683846925
"943",105.40257471889,109.15832402077
"944",59.4045160985143,61.2773584828602
"945",87.6336199797622,93.8414624201411
"946",79.79678569986,83.8942835078207
"947",70.6827165662324,73.5350641369406
"948",77.5572937160894,80.4638579144763
"949",95.285073828868,98.5237359446723
"950",95.7524828507071,99.0009131293783
"951",101.947170263145,107.234322736548
"952",83.8168850084338,89.437465936148
"953",97.257622264988,100.800499145065
"954",94.6269150513687,98.1051833574633
"955",88.9790668426207,92.7232796374269
"956",89.5383251369595,94.0318340474337
"957",64.4156815908044,65.9426795879479
"958",67.9295396704157,70.9210343256022
"959",92.6045114207539,97.0823132896353
"960",82.6404623626487,87.3334030189045
"961",93.8234913886399,99.0281564922435
"962",95.0840736532006,98.9068842351789
"963",89.9266445844474,94.0783022004451
"964",85.2820507576897,90.7732851675998
"965",88.7364237656412,93.7110159550503
"966",98.5697906187904,103.930446657176
"967",75.5689628986858,78.4419587361075
"968",89.345558085601,92.2944910654535
"969",80.2896368804415,85.0403653968067
"970",102.006429863748,105.72244823453
"971",102.059608612239,106.56041268699
"972",92.8548648488693,98.2119623445784
"973",71.6357299919728,75.6372156837002
"974",89.992799031173,95.7218135336352
"975",101.378438469509,104.752018536361
"976",73.5734835945215,79.0221617976886
"977",90.0431400160453,95.3434791246821
"978",86.51293932642,90.2854381624247
"979",97.4437546356996,102.115075628855
"980",94.5591336371321,98.680998210808
"981",89.8319771425488,93.6318918334536
"982",82.0244113117765,87.4694978519754
"983",94.8102168115765,99.5886418309282
"984",101.056349118873,104.678918777135
"985",87.3478885457548,92.0448267727935
"986",81.9753408204954,84.9921647654616
"987",91.9517116703573,96.4892858496204
"988",101.85753347568,105.620387368403
"989",88.2234824639097,93.5688509884698
"990",69.1959489546645,71.9931072322808
"991",98.9202570496215,102.864467779873
"992",96.618155846956,99.7643836667192
"993",93.3904969261889,99.0730344080235
"994",99.717024112026,104.106462714315
"995",72.736048888282,75.1284479924997
"996",99.0974515764388,103.365895866043
"997",85.8324563706244,89.2300768340342
"998",84.9946382162114,88.9023988168908
"999",84.600012280631,88.210491647926
"1000",66.8753545196058,68.5047562489842
"1001",60.2695844555719,62.6245461426498
"1002",73.8924255717279,79.2453230425492
"1003",82.9110033488134,87.4594096180227
"1004",61.8860968314,64.5951389482467
"1005",86.8148429272745,90.4897685824755
"1006",66.1728171941048,68.1598498497914
"1007",95.0799876127546,98.5154311280086
"1008",98.614219837388,102.180215584086
"1009",99.48542011693,102.555706085312
"1010",88.7069970102538,93.8026075799394
"1011",94.7962908552689,99.4036951768827
"1012",73.6352078152201,78.2185831830234
"1013",62.1968893097245,64.3220403509148
"1014",92.8286971614378,98.3896237474697
"1015",89.5907064154758,95.2406292558919
"1016",73.8164327339774,79.8855984236103
"1017",72.3999499048384,78.4147753395429
"1018",72.1647652656484,77.5578887927875
"1019",70.7626367136923,75.6071851839976
"1020",88.308221749385,91.7259667075686
"1021",86.2322064823282,91.9921188181211
"1022",60.0410212209651,64.0165199998735
"1023",90.5675955282526,94.2644253377612
"1024",71.4706605512675,73.6531640540813
"1025",101.646667826161,105.48132577895
"1026",73.9506859985481,78.0951257185532
"1027",95.8818558416662,99.8611440824813
"1028",66.0176584648933,67.9139798088959
"1029",79.5472582795699,83.8666570817556
"1030",83.9341113411462,88.2986688774814
"1031",75.3087634789706,78.5140698851671
"1032",69.9580241533413,74.2027567633625
"1033",103.736731644092,108.811707448388
"1034",99.8074787611165,103.50838946976
"1035",99.0483595547306,102.470445119974
"1036",95.7245162081373,98.4122278716064
"1037",87.173204197281,92.72448542862
"1038",101.573039116937,107.514539340633
"1039",88.1192299048738,92.8386297805499
"1040",99.6620881752303,103.670781607678
"1041",92.0826134083601,94.6156119829732
"1042",77.9429035182841,81.9890627326678
"1043",99.1345528209966,103.676291091365
"1044",89.3344865379767,92.8739054694793
"1045",89.9389584231704,95.9677075705093
"1046",88.1470252556512,91.5479068631638
"1047",75.2493852494391,81.6586455434296
"1048",89.2008322515083,92.4422984866532
"1049",92.4007497781057,95.382738044387
"1050",73.6883076229181,78.8911734548971
"1051",86.7252471707111,89.3565169167614
"1052",63.8206450908163,65.879947416048
"1053",93.4388227574686,97.1616534138426
"1054",99.6668316349691,104.708750424961
"1055",73.2960079197276,78.007880351294
"1056",97.2501806171579,100.991128013705
"1057",88.340995795302,93.2660853265227
"1058",61.5809065883446,64.6438999154018
"1059",59.2483150049529,60.899136855048
"1060",102.234027538109,106.274038633343
"1061",101.20999217461,106.604585405697
"1062",83.7211328095805,88.7471463362969
"1063",93.6677771729908,97.6604304066721
"1064",76.1817175057571,83.2441829034086
"1065",91.6473463169833,95.983679330403
"1066",84.3920578678681,86.148683324453
"1067",89.6240216658907,94.264754051902
"1068",94.2828734757156,98.7255389997633
"1069",86.8549619061217,91.629268565806
"1070",88.5542380964983,92.386535010453
"1071",72.1670559740007,77.7222213419173
"1072",76.8063913530458,82.5270194811442
"1073",83.8440649126333,89.0429945161802
"1074",84.8695063001725,87.6962657889581
"1075",89.4997145768272,93.5764937891078
"1076",89.4420655269914,93.1797158812391
"1077",101.578542330287,105.189791392665
"1078",98.405144865863,102.83145650425
"1079",105.915995694624,110.786670641324
"1080",71.98635511324,77.9144687978032
"1081",99.1400400335672,102.54125732541
"1082",78.0460841775544,81.7399595298926
"1083",78.6600957535372,81.0925434499942
"1084",69.3098047824823,73.3914242211355
"1085",101.758109746678,105.397417408674
"1086",85.8511245146169,92.6102769437729
"1087",90.6899230875384,96.3825495574914
"1088",74.8607408470488,80.107134626627
"1089",59.4270243308114,62.6571527581046
"1090",99.7268177041926,103.761049300776
"1091",83.6598465113118,86.938932244561
"1092",97.1548786306617,103.355516381667
"1093",101.040014865033,104.654651970318
"1094",61.8411996714917,62.3523410281863
"1095",63.5558241688924,66.8268212990119
"1096",90.7116875354132,96.6224560129014
"1097",86.196241316747,92.4587893742676
"1098",82.8943589623184,87.0884065890207
"1099",103.702492999795,107.929591273802
"1100",92.6694236603643,95.940827017447
"1101",93.5579704792465,97.1596088253272
"1102",100.821113065908,105.320256364015
"1103",90.7195290610421,95.5083495423728
"1104",89.7211785739275,95.1372574799265
"1105",84.8035095775927,90.7141410158629
"1106",94.0185910025036,99.7293021593294
"1107",97.1227227705354,100.837315622714
"1108",61.2107698966067,63.8334897766774
"1109",80.4322942376132,83.5386098453533
"1110",62.3694178275667,64.9809012820563
"1111",102.685136886951,105.957016058163
"1112",81.8777681830205,86.1936421283569
"1113",87.7146411075661,93.5385474849815
"1114",91.4227085507691,96.2309002925825
"1115",71.5984581022612,76.0968780932146
"1116",61.1952594789283,63.1985576003324
"1117",87.7534221979791,92.5865272541155
"1118",98.7448612951501,103.082637353426
"1119",103.721656235732,108.577767629044
"1120",93.7924194992308,98.3507726894622
"1121",60.6159874623387,62.7774761330357
"1122",91.692287386878,96.0829335284651
"1123",95.20215766984,99.6516127627829
"1124",90.8826702395674,96.9182392966786
"1125",92.3564171715334,96.3430702775398
"1126",83.77384290844,88.8946362043383
"1127",98.8256963128279,102.701488206331
"1128",101.319781284742,104.846002431733
"1129",68.4705660615189,70.6576538436475
"1130",75.6994234733786,81.3613620646038
"1131",100.510236031392,104.155793284696
"1132",98.2148389651911,102.400934589558
"1133",83.6831742972538,90.0141418566851
"1134",81.1919766038193,86.6536553238239
"1135",86.2881201316977,92.4271789473491
"1136",96.415696144377,100.50221278204
"1137",96.3911525700552,101.006882902644
"1138",80.9684087394814,84.2560817900232
"1139",77.42050517064,80.4470798587746
"1140",83.9123790477865,88.0442665923027
"1141",96.6904299569861,101.438862975526
"1142",99.1796506212616,102.444661633353
"1143",93.645113895085,99.2392630701573
"1144",87.9384565201797,90.8197487215027
"1145",75.0442091479695,77.559321305184
"1146",93.4774302428979,98.4900379553823
"1147",89.8254438267249,95.2212428876382
"1148",98.5423461913994,101.705788664978
"1149",57.6588569606879,59.6151277942633
"1150",67.7403526522686,71.2581200999314
"1151",92.3639483298154,97.1718067399314
"1152",92.5898356285726,97.0499813657513
"1153",86.6259740621435,92.2984923524197
"1154",95.1629287519847,100.58158659261
"1155",95.2657315347376,99.6505332406676
"1156",103.996774033359,108.504272721296
"1157",99.8441106214959,103.364130089606
"1158",86.4272166353574,91.7326642810185
"1159",97.6208894182708,100.787182521541
"1160",72.2973211262831,77.7935950345337
"1161",85.2212583638907,88.3944329861928
"1162",82.4234469047208,85.7585849141005
"1163",97.4010646305741,102.584645246515
"1164",95.321989007551,100.073805915803
"1165",92.3877800023801,95.5254941455931
"1166",93.1508005177303,97.1685026651275
"1167",86.1867489243784,92.8359759018736
"1168",78.8777218676261,82.9604505231462
"1169",87.7635498365296,93.5892617225053
"1170",103.766334113938,108.522434657927
"1171",99.5220877617157,103.893997648296
"1172",62.9947643101042,65.8577599362139
"1173",93.9103914744112,98.1222092583398
"1174",69.6231481497977,73.5060135321513
"1175",70.1565614462683,74.264373989579
"1176",87.3169528044618,92.6061912618069
"1177",73.5485971980158,78.2540783438994
"1178",58.47345307513,61.2654651397386
"1179",97.5357401774723,102.454666310801
"1180",76.9051247022943,81.0226055726605
"1181",83.7278984079339,88.4131853828556
"1182",100.99147917054,105.310102546939
"1183",82.2071253126724,86.993099981423
"1184",75.2131816257328,77.3499931774246
"1185",87.6989359743215,93.2550994742872
"1186",71.1236353049328,74.6185533564633
"1187",86.3219510832456,91.9180782176522
"1188",97.605188399785,102.508110566934
"1189",87.3513654829061,92.431828779505
"1190",61.5354020095653,63.7047689810409
"1191",103.543028650033,107.572234961072
"1192",77.5115895870065,82.1130609973146
"1193",84.0728992533076,87.5373318260164
"1194",94.2050912250165,98.4717377885874
"1195",89.9302371966719,93.6299423666875
"1196",61.9395873590567,64.1579560552173
"1197",65.0167382082284,66.6544548191353
"1198",104.279347724309,108.601102874733
"1199",83.9535581208737,89.1889942588524
"1200",83.6798127052074,88.4256040899818
"1201",96.1830010520185,101.656452037916
"1202",99.7979386039074,103.810420595866
"1203",96.8127876754618,103.233926509963
"1204",70.8782625633512,74.4746653186732
"1205",59.733925561974,62.2157575162798
"1206",97.6480915405686,102.185671547803
"1207",98.8477150193088,102.802888861383
"1208",98.2753113667559,102.21234247048
"1209",77.2203441667174,82.6176737871674
"1210",102.870762755037,106.319468542792
"1211",100.414236947742,103.422985870382
"1212",88.2314592371519,92.5713750493472
"1213",85.6433652124979,90.4218190069601
"1214",85.4399479133494,89.3435563135496
"1215",92.916280550094,98.5522980143179
"1216",94.460105003491,97.4566668567425
"1217",94.8163800765962,99.3895714885274
"1218",80.799596072766,84.5164933416643
"1219",87.4260111887836,90.4472975068418
"1220",86.1717865658682,89.9337110630758
"1221",86.4888382414431,91.4936468152137
"1222",101.558592913208,105.645169893896
"1223",83.9822204434361,89.281359666543
"1224",96.4007892847524,100.362214546985
"1225",100.661979488843,105.695769661509
"1226",82.1270200585275,86.0349347202014
"1227",97.8872944041431,101.486004572743
"1228",63.5489191521824,63.6186945862965
"1229",78.0946411875047,81.6773714692579
"1230",68.5252048657573,73.0769556641291
"1231",62.1515491190567,63.138026502259
"1232",60.8709935487828,62.9477567698593
"1233",102.176913385885,106.858984905829
"1234",95.458628841079,99.9215291968167
"1235",90.4977636122128,95.7971515423607
"1236",90.153724989795,95.0598126785558
"1237",89.9663044511681,94.0069485342653
"1238",96.4892969417583,101.302077059659
"1239",57.928721027701,58.6235213783465
"1240",87.7397782488146,92.6848825793438
"1241",58.5266010046011,61.0491455769759
"1242",98.2812384486687,103.557787056212
"1243",82.3791185634147,86.7140862656616
"1244",90.3876542801943,96.0012308223011
"1245",79.8505881356637,83.2361799973131
"1246",104.603866490576,109.097642859828
"1247",84.3649960497816,89.8855160758229
"1248",77.6475350345578,80.808286043093
"1249",80.9177450421274,85.6038360554616
"1250",64.3397136131786,65.7497183800189
"1251",97.1126661116179,100.147004162917
"1252",88.1163210691522,92.2642266259646
"1253",86.6178016534332,91.7324091964011
"1254",98.5984056003759,103.58972291661
"1255",71.2406594567121,75.0773734225314
"1256",86.696306954999,92.3520252035002
"1257",81.47709280427,88.5949923024498
"1258",95.9582856856488,99.6643267775849
"1259",92.9164701578716,98.5779917816078
"1260",58.3439443274027,59.7868071686198
"1261",87.0251196894206,93.0880832824298
"1262",62.7245170428794,66.1501120354858
"1263",80.2716132099933,87.0151662301879
"1264",83.7770413439455,87.8887535727106
"1265",84.4252395904453,89.5192694935716
"1266",90.1534423702782,95.196003083585
"1267",91.0176680697181,95.9528783003568
"1268",97.3816353611892,103.516013243908
"1269",94.4388875639977,100.120140545773
"1270",69.5133009321769,75.3306683759001
"1271",86.9598496570696,92.7228640907502
"1272",100.735470101329,105.761020192104
"1273",91.5180941642998,98.1683194498523
"1274",80.0844239361555,86.2515446358147
"1275",71.8735456554798,74.5483532223018
"1276",60.760384826701,62.826301029161
"1277",59.8144226452575,62.8602215799818
"1278",92.9944887051469,97.927319152074
"1279",90.8869015244695,95.2208654440028
"1280",99.3621062919267,103.152169644231
"1281",96.3887948779098,101.892462960708
"1282",105.679937162072,110.109909701358
"1283",98.6502563352753,103.040077877053
"1284",59.3938613012358,61.0389320246841
"1285",84.8094541971201,89.9890954334027
"1286",95.4596870172735,99.8500765928927
"1287",100.592740617929,105.140524402924
"1288",87.7017455367032,93.7798116393751
"1289",87.4141649220859,92.0699466647886
"1290",88.3163392442963,93.3961497521371
"1291",90.480799615646,96.4483586958008
"1292",104.300154769351,109.679165833783
"1293",102.044030922768,106.832310873474
"1294",92.2417609513358,96.6500681009068
"1295",92.1807225957384,97.547043076443
"1296",80.3436292862067,86.2802485432597
"1297",93.2212813605887,96.859290005031
"1298",99.6080389048476,103.673742425575
"1299",91.8761156617886,97.8459954440074
"1300",60.0955866652887,63.791441874009
"1301",93.0042549604074,97.4321268717284
"1302",60.7837590415106,63.2937480783555
"1303",103.062437468697,107.714339656271
"1304",75.7946402678527,81.4483182141105
"1305",54.9081161119318,56.7970035928584
"1306",79.3376142607973,84.7434347631405
"1307",80.2265534402803,85.049440998149
"1308",78.0381583922344,81.5428408330321
"1309",92.4759649458849,95.1386610866745
"1310",102.045590126202,105.870828949571
"1311",90.8608877102191,96.3467288067158
"1312",67.3180004600722,69.4834164274633
"1313",81.6392322020418,84.6628966410355
"1314",103.979301504044,107.709560214561
"1315",92.1335097071207,95.7816748889898
"1316",94.6338487608419,98.7670382481048
"1317",95.5784114324707,100.359183641069
"1318",98.0895705384657,101.952784758045
"1319",79.7503114580555,84.3039250068432
"1320",91.8583146796608,97.0617627363757
"1321",64.6624775625821,67.0286816667826
"1322",70.6570344574545,74.9686745684308
"1323",68.5215795501668,69.6905890658487
"1324",100.065190871038,103.766162943539
"1325",64.2396147887525,69.534505093082
"1326",91.3868780908933,96.0575284462624
"1327",79.2291610702159,82.2193592807977
"1328",104.394240489181,108.019322570715
"1329",96.8919384282338,101.461742037559
"1330",71.9082826411506,72.9246094186218
"1331",72.7482075596564,77.0297371822831
"1332",92.3630427834101,97.6883470879914
"1333",105.286062657761,109.449509592325
"1334",60.9693862780615,63.8494124635002
"1335",75.6122496089119,81.4971615082467
"1336",87.7042120600431,91.9029685053543
"1337",96.4825712956665,101.453204702861
"1338",75.9024247637607,80.6739140247217
"1339",62.6077108013303,64.0043740507525
"1340",90.222692606579,95.0203933398456
"1341",98.6040137479973,102.209318483424
"1342",85.947418867397,90.771541820368
"1343",61.0734561580039,63.1829934442949
"1344",89.0688847903834,94.3326209888181
"1345",94.0439444283425,98.7449857527976
"1346",80.2511468579138,85.2822779222655
"1347",75.7214251934529,81.7949392091509
"1348",65.4478275515505,67.6618343268701
"1349",63.2445890869715,65.0218431492799
"1350",103.916584764349,107.738492649111
"1351",73.5581851423161,79.4540490580785
"1352",87.0137937593915,92.540747441666
"1353",104.140139274209,108.197332920577
"1354",96.5850562374795,101.029609330547
"1355",82.0912928871277,85.9469780239616
"1356",80.5002955240421,84.9454929556303
"1357",77.6491892070084,81.7929680095955
"1358",95.8710342621738,99.3067908849568
"1359",97.0507474874358,101.581269608954
"1360",85.3293195360168,91.4026076099077
"1361",102.06893528987,106.301555198144
"1362",92.3055765083982,95.7029604473788
"1363",99.7334703314635,103.507611884667
"1364",90.9912773263888,95.425000282669
"1365",84.8910335177041,87.4799402797976
"1366",82.7872036319949,87.3705137906227
"1367",98.7982427642931,103.553604540773
"1368",85.3898740031246,91.0742970310454
"1369",88.6795066694728,92.0297523279682
"1370",77.9909549334607,82.445919123849
"1371",77.246502443694,81.9590802609766
"1372",83.7096788268478,89.4331286293206
"1373",78.4073885578167,80.472604932467
"1374",69.0879972846379,73.204656161054
"1375",59.5765484358308,61.7027983052998
"1376",82.7319061896691,88.7122117633626
"1377",84.794466697647,88.0418759421249
"1378",87.428752200382,92.4332990655671
"1379",85.6138398646783,91.6973872735038
"1380",75.075131187859,79.6433606057374
"1381",59.7512467015976,63.4584389603318
"1382",74.5508095820717,77.6505383783098
"1383",101.622433502443,106.562154832972
"1384",87.369602821742,91.3571303287105
"1385",62.5108851874522,63.8490318909372
"1386",68.1286701470597,70.1924256527751
"1387",70.864241408314,73.2560820373744
"1388",97.0790259918756,101.856349373284
"1389",74.083184125106,77.7966083015163
"1390",89.058429395314,91.5000480232384
"1391",93.3416452773314,96.9933390405734
"1392",97.9268936166183,102.298332948908
"1393",87.5331654589814,93.2691546800095
"1394",64.8471845553351,64.3347318908572
"1395",68.110881372373,69.6386832237653
"1396",83.9633617503011,86.7442047793974
"1397",96.2265644500463,100.448376552032
"1398",96.672483758516,100.90113040362
"1399",70.5266495068543,73.0199040101211
"1400",60.7523987173661,61.7497269894636
"1401",104.31151232671,108.609369885683
"1402",94.686326397473,100.80746087093
"1403",79.6233842968836,83.806380404565
"1404",94.7082830673822,99.0455210213206
"1405",91.4651704355472,96.5887637146696
"1406",73.1826578964701,77.984761698984
"1407",86.995178555166,90.1373145153027
"1408",96.4531630476221,101.579761279919
"1409",101.670806001017,105.186773558059
"1410",100.57213805769,104.856383669687
"1411",83.974758272257,89.3429620429795
"1412",79.7996398731559,86.527606246874
"1413",100.370220645032,104.35138439611
"1414",86.2931544264455,91.3415186908836
"1415",100.640536468599,104.137403175797
"1416",95.2281094159303,98.6682845667171
"1417",59.5471954186934,61.3197284075739
"1418",91.1041833086764,94.5920467271035
"1419",90.7289120137438,96.2177158451169
"1420",98.1304059891558,102.9389278618
"1421",90.4234633494595,95.6656664676957
"1422",58.6882151055714,58.3316200929139
"1423",87.7329756700141,92.3260351098853
"1424",90.9451356404134,96.0854899491654
"1425",91.9147111080253,95.5564679378862
"1426",81.3951888951693,84.403175919857
"1427",95.5820967519282,99.7329539221863
"1428",60.9231624513163,63.6022753412257
"1429",93.0046897543244,97.5638015685209
"1430",90.3068166540558,94.0776127911412
"1431",86.5733028891796,92.5543384513836
"1432",98.2476860188061,102.6794377891
"1433",66.9511210843452,69.8550692787369
"1434",83.0029197156336,89.2278017458544
"1435",97.9488873584857,101.63393406324
"1436",74.3177619306453,80.2060986109748
"1437",63.1280098592619,65.7268778544715
"1438",69.888101738624,73.540417450158
"1439",96.8171334165298,102.248863587122
"1440",91.3323362977739,93.9311067339676
"1441",100.987479739766,105.346158160018
"1442",96.0726022096482,100.157246679762
"1443",86.9258836116048,91.9450157224253
"1444",88.0760905975258,92.1863596714146
"1445",102.721095729641,107.603727269427
"1446",81.3690099723703,87.0532614310395
"1447",74.8242157265169,79.9020725480172
"1448",70.9177421326257,75.4608748012717
"1449",82.927350569123,87.3903615169106
"1450",78.879889140783,85.6104859302671
"1451",85.012530153018,89.7750633914575
"1452",73.5125965245248,77.4260711355374
"1453",96.2268051350578,100.214575893137
"1454",91.3339499091728,95.623683716698
"1455",95.925904807929,100.253274254091
"1456",85.7627746826963,91.3406233173407
"1457",82.1905053726972,86.3730348524356
"1458",77.3125428210423,82.5492844951064
"1459",80.1567063743047,83.6506613959822
"1460",91.6557020488891,94.9151548096574
"1461",83.6315427250123,84.6046717758983
"1462",96.8959325213722,98.80554093745
"1463",94.5109675225878,97.9497523411499
"1464",95.9122423964071,98.986007917876
"1465",78.3381573588783,80.970735009867
"1466",84.3200343656118,88.8047933038523
"1467",82.7216348730322,85.3513252842965
"1468",96.1344871339598,99.6514559394505
"1469",83.5795838637213,86.957026928075
"1470",86.9776591290772,91.8558369281846
"1471",95.0138384381163,100.166324160145
"1472",68.5865873539185,70.4308047752323
"1473",76.5621872061672,81.2654652501617
"1474",92.3320580162737,94.9017272534789
"1475",81.6523481847906,84.4549546296314
"1476",83.6616815142308,87.39026213965
"1477",87.5229030147439,91.9305111115875
"1478",81.2796279232678,83.6834774597538
"1479",96.5630007511382,99.4111384426009
"1480",85.2973973087699,90.0446331659387
"1481",74.08059073281,77.1912435688692
"1482",79.3687962097508,83.9597104661778
"1483",60.3396682677666,60.8458351100349
"1484",68.5344212745725,69.4573413323419
"1485",75.2495699216825,76.5881068480756
"1486",76.0461085208813,78.291436241335
"1487",72.3177714706829,73.8969435786754
"1488",54.4027109351753,55.1210886829333
"1489",93.1247196003995,97.4370334085616
"1490",89.8904070576473,94.301233819588
"1491",86.536172422594,90.4440547517713
"1492",88.1692648523351,91.1167777261184
"1493",90.6889233289309,94.8356174223806
"1494",76.8362337465657,79.7982251985132
"1495",65.0676551741215,65.3705542270105
"1496",94.0381042135161,97.9232985007633
"1497",64.6617706919962,66.9619680998286
"1498",85.471889619947,89.0263914269808
"1499",91.3216428840313,96.1942704702444
"1500",55.9382136802289,56.8837890321795
"1501",61.5510508854557,62.7309245653556
"1502",85.5738077467601,88.3312516444762
"1503",88.1389856021331,91.617565734032
"1504",96.822011129955,100.632832005352
"1505",65.9183576035041,67.7499602165252
"1506",68.0064175359179,68.2693950358736
"1507",79.577367376962,79.8226777620506
"1508",98.5413477669186,101.686045644488
"1509",70.5402668686583,71.2806868908126
"1510",82.0678888026503,85.9959470979009
"1511",91.3890099552387,95.4741618221234
"1512",75.5169245274819,78.1095753625589
"1513",85.8874948071078,89.1850110799127
"1514",90.805841465314,94.6006988044775
"1515",71.062716280372,76.5836415112315
"1516",68.2305996940068,70.9739596872675
"1517",83.5579269539734,88.0261795905046
"1518",76.2394657431133,80.6201725512288
"1519",77.8123383616403,82.7819427933827
"1520",91.7073439257707,96.8323197009253
"1521",95.492255168688,98.9588464769666
"1522",81.4375641050933,85.0911763795634
"1523",79.9165745329331,83.5098728636632
"1524",91.2544768816965,93.9968600431397
"1525",75.4982787743304,78.9788979991024
"1526",62.514751249471,65.9380457245477
"1527",87.6213653449624,90.5782173341438
"1528",84.5023785983983,89.0655615611762
"1529",80.9523825003764,84.7251713120422
"1530",96.5110628396407,99.9999372595238
"1531",72.9163260148216,76.552918912007
"1532",92.8375897486199,96.9236601475892
"1533",62.5869508957532,62.8197080601429
"1534",93.9552635412763,96.4753209614143
"1535",94.3478908616314,98.2699362140444
"1536",75.9070656101439,79.8142518250234
"1537",93.3568027452812,97.0307422964165
"1538",70.8461728836348,73.4464564433953
"1539",97.3775101836992,101.103459643837
"1540",81.5305807609797,86.1751725831751
"1541",62.3637334133128,63.0464674788546
"1542",92.2941919830442,96.3270178185031
"1543",83.314004153144,87.1102726956517
"1544",83.0772124433421,86.5957209964953
"1545",72.6433246999379,73.777531072563
"1546",88.4033967402337,92.107327893379
"1547",76.0740048755562,80.1095422684516
"1548",95.0322190127118,98.47063023822
"1549",82.6402512090374,86.8071080124841
"1550",88.1463629781383,91.0126546313632
"1551",85.5774257398278,90.9244275810372
"1552",94.7147362655956,97.9850909200614
"1553",99.44942442465,103.241439233156
"1554",95.3075658899943,99.0765087404544
"1555",79.6053392404894,83.7092215663491
"1556",62.8066401313009,65.5007630953605
"1557",61.9965178098689,63.2827878288452
"1558",97.2543748165109,101.105816077703
"1559",88.940873223021,91.7064944423004
"1560",71.5156358947831,73.141741783509
"1561",98.4182826361685,102.470003437191
"1562",85.0315563988638,88.5872687541028
"1563",87.0711727029523,90.616120015925
"1564",96.0832111015632,100.040776430125
"1565",76.0384045906547,79.0287383834718
"1566",93.1314239346238,94.8959608061019
"1567",81.3446849840086,84.589922064718
"1568",56.512011327278,56.3899177707492
"1569",73.7373554429403,75.271357585955
"1570",56.9219500682145,58.3063988125517
"1571",59.2172668502111,61.088108460659
"1572",57.743199482824,58.976233338977
"1573",95.8335607453419,99.0237487317613
"1574",87.1944961414918,90.8644191085307
"1575",97.4011836028547,100.782539561934
"1576",86.3841792502625,90.6465856262878
"1577",77.1643373855966,81.3431689721573
"1578",90.0888776548844,92.5264777444222
"1579",86.9367014208566,88.1196829113782
"1580",57.3626271204545,58.7009029212628
"1581",84.7405514283186,87.9946572288402
"1582",84.8840544303402,88.9639716288375
"1583",91.0710469090434,93.1325279409992
"1584",93.2356894559334,96.2048440808778
"1585",67.9346968226912,69.4623368608011
"1586",84.7407560383591,89.0082736488797
"1587",89.4283436665339,92.7825801820017
"1588",91.2944073181675,96.468592291897
"1589",71.2168871032999,75.7023015202983
"1590",60.3216935438343,62.0724276897992
"1591",81.1616239377069,84.3435342246186
"1592",88.7498631399139,92.3460888222095
"1593",72.2192672504463,76.5615608440649
"1594",83.2829963734621,86.4330745133692
"1595",77.1060559723862,80.3104916121114
"1596",70.7774854197583,74.7373168057165
"1597",75.8997335830747,77.8486792350386
"1598",76.8048029608792,80.7208039165087
"1599",75.2497340670734,79.4565823438646
"1600",94.6311372603288,97.5721441083355
"1601",81.8069425145538,84.2554271633687
"1602",72.7317436539167,75.2396457212023
"1603",81.4620937220781,85.0779996250128
"1604",60.6076571788211,62.6871395322082
"1605",55.8826297531889,56.8305694726752
"1606",81.1869221068816,84.4140599704411
"1607",94.0630900561859,98.5728810724192
"1608",77.9217659458554,80.9944686006954
"1609",81.9157692683116,86.3436132409164
"1610",56.4350932768395,57.4952598654115
"1611",91.1516051505183,94.8978434325893
"1612",85.2769582892179,87.8419977708008
"1613",91.4663495166192,95.0254692361872
"1614",89.3722675265544,94.136561134365
"1615",80.6690262407632,84.5647432050296
"1616",84.2780585723728,88.8502182626384
"1617",95.6200055119864,99.7090552830208
"1618",59.1198636600493,61.9666381282863
"1619",72.1975314547678,74.9791617875141
"1620",62.4980805976949,63.2079107029387
"1621",96.1816753145811,100.691083523727
"1622",80.1750289539683,84.3119379100939
"1623",66.3426132316415,67.7680711332546
"1624",98.1816934940325,102.074031917897
"1625",81.5235590593142,85.9606989154602
"1626",88.4519605498078,93.5587299828607
"1627",63.0918380875848,64.0121254997425
"1628",67.602193354675,69.6978901296498
"1629",93.236788345541,97.8302171327654
"1630",56.5176811384732,56.9325996702012
"1631",91.8527505226947,95.7504857194512
"1632",59.0048287364555,61.270277801467
"1633",78.4689318583149,83.9613706439425
"1634",76.9543346297281,79.7117263099239
"1635",88.3929249463892,93.310451360864
"1636",57.2634685578817,59.4125098801504
"1637",81.6956390241069,86.0740251186944
"1638",94.3043252379858,97.5772605175151
"1639",77.7685451589805,81.9683074354157
"1640",58.7643917382751,60.2221606391166
"1641",96.5640910652528,100.226681585796
"1642",93.7891159172428,96.4801523680446
"1643",55.2953430776797,55.8118177757654
"1644",59.8096552315488,62.2129509986878
"1645",95.2866285141297,98.5267787940778
"1646",62.8834793348764,64.8915196706691
"1647",75.4121816684107,79.4977342704999
"1648",86.7708820512328,90.5371450508741
"1649",96.4311313114378,99.6503281138116
"1650",91.7689240578566,96.2022107802079
"1651",89.0701566775695,94.6425665632415
"1652",93.6681903431141,97.5437321641511
"1653",80.5314485940005,83.3936271306306
"1654",82.9204147196376,86.9068626899771
"1655",84.636510426375,89.5478790638842
"1656",76.3930725110273,78.2042702723445
"1657",83.2260562284534,86.409663442216
"1658",84.0377752213557,88.7766490451777
"1659",75.9464626941,78.2399980473053
"1660",89.6211399006951,91.6848117324123
"1661",72.2469176618483,74.9329207124284
"1662",69.1424768699763,72.0674598173125
"1663",90.2709133140635,94.2438720583405
"1664",73.9433742383203,75.9580278079584
"1665",88.8899892265532,92.557048297119
"1666",56.1479793609643,57.7192424294377
"1667",79.8316107865679,83.8046155548289
"1668",85.3600597122165,89.3605816275824
"1669",97.7345422529481,102.115158677364
"1670",91.7521954251014,96.0769608407232
"1671",89.5684991716814,92.0952727083753
"1672",70.3196622708688,73.1469037659919
"1673",74.5437429565149,77.6011950427771
"1674",75.4029297582164,80.906914168135
"1675",75.7135254262686,80.1237313931602
"1676",81.083435984509,85.9427864204201
"1677",85.1316472492166,88.7078187485895
"1678",79.0553868188212,81.9670693146115
"1679",55.0724286404157,56.1411034016391
"1680",85.953293976878,90.9017540752236
"1681",88.2053564243269,93.457557417269
"1682",96.291032391122,100.159180364588
"1683",91.2064731379785,95.43935650953
"1684",66.2195943164343,69.5847593243547
"1685",81.9303529477807,86.9368974273219
"1686",95.7000251501413,99.65908344523
"1687",72.2419503814893,75.2395810258425
"1688",63.4283096209173,65.9741753168526
"1689",84.9957886795478,87.7415690657228
"1690",67.6619275013611,69.938197788578
"1691",85.5106706538363,91.017741008938
"1692",92.2232877128224,96.2178757793838
"1693",65.4015927713028,67.4327376757932
"1694",67.3953925789375,71.5998658393331
"1695",63.4715333131595,64.6190920697453
"1696",60.0287155631343,61.7315030675723
"1697",93.8318608558924,98.6300532802037
"1698",88.1854034882933,91.0534625084336
"1699",92.3019431000921,96.0859852409429
"1700",88.2419007549855,93.3347908412755
"1701",90.0084769882462,94.7340467927694
"1702",97.5389876451894,101.197870403389
"1703",78.3844592469094,82.225607348349
"1704",84.6999484736722,89.3262363212634
"1705",82.9785407747787,87.0935961857106
"1706",99.6492211848998,102.606743608658
"1707",92.1104819587205,96.0038602699376
"1708",75.4160114601674,80.8148106997376
"1709",87.9357729847227,91.4617444304321
"1710",77.3807976930847,81.8002556493347
"1711",78.5934947158641,82.2120091541954
"1712",74.1588965810698,77.5288378647151
"1713",72.1501588642487,73.5755164474156
"1714",95.4987211354422,99.703820130552
"1715",74.3905827629459,77.5276144041115
"1716",76.9101743900593,80.8710494524614
"1717",62.2813298178629,64.1148176669687
"1718",58.6239827868726,61.1005028809573
"1719",69.627491924347,73.3645939001125
"1720",90.1341048945555,94.750776339609
"1721",91.4956454407926,94.4344218220572
"1722",73.1263099620412,76.704657968607
"1723",77.9375197589562,83.2770772150229
"1724",93.129055692911,97.3556731996314
"1725",75.3586879977954,80.716305290619
"1726",58.7177130883715,59.8370861862799
"1727",88.3469307571377,92.9637549802508
"1728",87.5357968559351,92.8703156933035
"1729",72.9122432354068,76.8685330662542
"1730",66.434092876229,69.9549660930983
"1731",87.4667969164491,91.9971679004689
"1732",60.5315878623786,60.9203741332422
"1733",83.5419821563306,87.1262598491837
"1734",69.4539443727342,73.9271821376627
"1735",77.6082903559528,81.5683075267927
"1736",75.3066272029224,80.0461329716856
"1737",78.9857544150171,83.9792400771289
"1738",86.0620646174804,89.736020736815
"1739",68.2813637406755,71.2163552098775
"1740",60.344506721606,61.7898188350282
"1741",91.9125479339181,96.5171460505643
"1742",61.3854153866158,62.0304641753427
"1743",63.7977689542019,66.1069708177254
"1744",83.7677270047626,88.3059821735108
"1745",83.577953916035,85.3378153594164
"1746",97.5723156673021,101.520156486191
"1747",77.681838095216,78.517106612089
"1748",95.0979522188489,99.0859884892514
"1749",57.3334969512785,57.6159224481376
"1750",88.6119214065784,92.9574306733992
"1751",91.0493709301936,95.5021066578173
"1752",90.8030875989749,94.6819969374319
"1753",82.4157642166187,85.8985645917294
"1754",92.117009934578,96.5092847258043
"1755",91.0310980303794,94.9522426262602
"1756",94.8558193686284,98.7922059003261
"1757",76.6548268833679,82.3237534878477
"1758",71.1194671069474,75.76354609547
"1759",90.152564649832,93.5235003948194
"1760",78.3653184569538,81.1636719266255
"1761",73.7221370283029,75.3081483681713
"1762",79.9968460919772,83.888956294056
"1763",85.7945518911578,89.8479890308267
"1764",79.9068161522041,82.8473111773159
"1765",95.011581829774,97.4807471420363
"1766",77.570662947497,82.0958249152753
"1767",93.5049596101475,97.533084636895
"1768",77.6929520059216,81.8430232224334
"1769",84.0927718106793,88.4787965170576
"1770",88.7829871256234,93.4417270756518
"1771",96.1465262975915,100.535756835622
"1772",59.3541286987218,59.883643490714
"1773",71.2892121517734,73.7155062838927
"1774",57.9337585751287,58.9527723715675
"1775",92.378922953935,96.3348931647454
"1776",87.811179573481,92.7335966808544
"1777",90.6708147584684,94.1331546479834
"1778",97.9059153711007,101.891798228999
"1779",96.7435235138737,100.719132714347
"1780",93.8275257384087,98.9489377469981
"1781",93.7130750757714,97.8165484638106
"1782",58.1842207126663,59.7543718648574
"1783",67.2613103748247,71.1991559464604
"1784",87.3447175200206,91.6886220966723
"1785",82.4296972801109,86.7700212950171
"1786",88.5664571177262,92.69134732989
"1787",97.8490095900116,101.806430129917
"1788",91.7042919190359,94.2392033517462
"1789",97.9192950686868,102.033294814018
"1790",91.137295219317,96.2244991042781
"1791",81.985090597334,85.9640537833694
"1792",96.5576816782728,99.8141832202843
"1793",87.547118899218,91.7087205154114
"1794",82.4703398717569,85.4930916901756
"1795",76.2351292813338,81.6689083556763
"1796",86.6700388056981,89.8912826526513
"1797",88.9791383485079,93.1488486675839
"1798",96.841034682521,100.754616895522
"1799",96.0397192110467,99.7118867459302
"1800",71.4873867331752,73.8708571386146
"1801",67.5305593181794,71.3014482970637
"1802",68.1114180754256,72.6557801232268
"1803",85.5828342655974,90.1633421868123
"1804",92.8242093858274,97.1195933197886
"1805",60.6025982575845,61.4357236062088
"1806",57.884928636539,57.9388599765716
"1807",58.1669610282614,59.3211433075655
"1808",72.152325992011,75.8365797000309
"1809",85.8856953011304,89.2711542823051
"1810",71.19583397662,75.146244760288
"1811",89.1963203483583,93.2764801122573
"1812",57.4982785027699,59.2192692719638
"1813",81.986509179888,85.453776509875
"1814",60.4709657251758,61.6339405544129
"1815",61.7817276541033,63.6779324857517
"1816",58.6141163772573,59.4106091833387
"1817",65.9433400444484,66.856375008038
"1818",95.0360675906378,98.6752232605715
"1819",90.3529611559613,94.441910396421
"1820",95.959283008592,100.372086516187
"1821",80.6324925712409,84.7284487532045
"1822",83.4413657997723,86.5279835333324
"1823",64.028388170682,68.903219974369
"1824",68.1340089721278,69.785865387835
"1825",80.1312897235046,85.3098476900627
"1826",89.185324115183,93.3547468925481
"1827",73.1638033427142,78.7999337655553
"1828",73.2629610307897,75.1215357150105
"1829",77.8671973178281,81.8330688287684
"1830",79.2218181653574,81.9982673575783
"1831",65.9844787646521,70.0454202167888
"1832",88.641073135086,92.9754294600314
"1833",82.3774652768056,86.16486138159
"1834",89.4437163076358,93.7886140944798
"1835",85.5410940347433,89.4925377210521
"1836",66.8502454548775,70.8330490521631
"1837",75.0839736823872,79.2610543919657
"1838",79.770656107547,82.7697222955422
"1839",71.9709998907893,76.8756872757007
